date,time,temperature_2m (°C),relative_humidity_2m (%),rain (mm),wind_speed_100m (km/h),soil_temperature_7_to_28cm (°C),soil_moisture_7_to_28cm (m³/m³)
2022-02-01,2022-02-01,6.4,95.0,0.0,2.3,13.5,0.206
2022-02-02,2022-02-02,9.4,96.0,0.0,0.7,14.0,0.21
2022-02-03,2022-02-03,9.8,82.0,0.0,4.3,13.6,0.21
2022-02-04,2022-02-04,6.7,96.0,0.0,6.7,13.5,0.213
2022-02-05,2022-02-05,11.7,92.0,2.0,10.5,14.5,0.21
2022-02-06,2022-02-06,9.5,85.0,0.0,8.9,14.7,0.24
2022-02-07,2022-02-07,5.8,95.0,0.0,4.0,13.2,0.248
2022-02-08,2022-02-08,5.9,97.0,0.0,5.6,13.1,0.246
2022-02-09,2022-02-09,6.9,95.0,0.0,0.7,13.2,0.241
2022-02-10,2022-02-10,6.4,91.0,0.0,3.1,13.3,0.233
2022-02-11,2022-02-11,11.4,87.0,0.0,0.8,14.2,0.229
2022-02-12,2022-02-12,8.3,81.0,0.0,1.8,14.4,0.225
2022-02-13,2022-02-13,6.2,93.0,0.0,13.3,13.7,0.218
2022-02-14,2022-02-14,8.3,62.0,0.0,6.1,13.5,0.218
2022-02-15,2022-02-15,5.7,85.0,0.0,9.1,13.7,0.215
2022-02-16,2022-02-16,8.4,74.0,0.0,1.8,14.1,0.209
2022-02-17,2022-02-17,6.5,87.0,0.0,6.0,14.6,0.201
2022-02-18,2022-02-18,6.8,79.0,0.0,3.1,14.7,0.196
2022-02-19,2022-02-19,7.2,84.0,0.0,4.7,14.8,0.191
2022-02-20,2022-02-20,6.8,87.0,0.0,7.0,15.2,0.183
2022-02-21,2022-02-21,11.5,91.0,0.2,13.7,16.1,0.18
2022-02-22,2022-02-22,9.0,83.0,0.0,0.5,15.4,0.184
2022-02-23,2022-02-23,7.1,85.0,0.0,10.4,15.0,0.18
2022-02-24,2022-02-24,10.5,84.0,0.0,6.6,14.7,0.177
2022-02-25,2022-02-25,12.7,97.0,0.0,3.0,16.1,0.17
2022-02-26,2022-02-26,11.8,96.0,0.0,3.5,16.0,0.173
2022-02-27,2022-02-27,12.1,86.0,0.0,2.6,16.5,0.171
2022-02-28,2022-02-28,10.3,83.0,0.0,5.0,16.9,0.169
2022-03-01,2022-03-01,12.0,90.0,0.0,3.4,16.9,0.161
2022-03-02,2022-03-02,10.2,89.0,0.0,4.5,17.5,0.159
2022-03-03,2022-03-03,11.8,71.0,0.0,3.4,17.7,0.165
2022-03-04,2022-03-04,12.1,67.0,0.0,1.8,17.6,0.16
2022-03-05,2022-03-05,9.1,89.0,0.0,5.1,17.8,0.151
2022-03-06,2022-03-06,12.2,74.0,0.0,1.4,18.2,0.151
2022-03-07,2022-03-07,11.5,70.0,0.0,9.8,18.5,0.155
2022-03-08,2022-03-08,15.4,56.0,0.0,3.3,19.5,0.157
2022-03-09,2022-03-09,14.0,76.0,0.0,4.3,20.1,0.162
2022-03-10,2022-03-10,13.8,69.0,0.0,2.9,20.6,0.164
2022-03-11,2022-03-11,15.2,67.0,0.0,4.1,21.1,0.167
2022-03-12,2022-03-12,14.6,81.0,0.0,2.5,21.6,0.163
2022-03-13,2022-03-13,13.6,70.0,0.0,6.2,21.7,0.168
2022-03-14,2022-03-14,16.6,65.0,0.0,4.3,21.9,0.17
2022-03-15,2022-03-15,17.8,73.0,0.0,1.1,22.4,0.166
2022-03-16,2022-03-16,15.7,89.0,0.0,3.2,22.6,0.163
2022-03-17,2022-03-17,14.5,88.0,0.0,5.2,22.4,0.163
2022-03-18,2022-03-18,15.1,78.0,0.0,4.7,22.5,0.167
2022-03-19,2022-03-19,17.8,72.0,0.0,1.8,23.0,0.164
2022-03-20,2022-03-20,16.6,80.0,0.0,2.6,23.2,0.163
2022-03-21,2022-03-21,17.9,78.0,0.0,2.7,23.4,0.161
2022-03-22,2022-03-22,16.3,73.0,0.0,1.9,23.4,0.166
2022-03-23,2022-03-23,19.9,58.0,0.0,0.8,24.0,0.158
2022-03-24,2022-03-24,17.5,96.0,0.1,4.6,23.9,0.162
2022-03-25,2022-03-25,17.8,92.0,0.7,6.6,22.8,0.176
2022-03-26,2022-03-26,18.2,94.0,1.4,11.2,21.7,0.173
2022-03-27,2022-03-27,17.0,94.0,0.4,4.9,20.0,0.229
2022-03-28,2022-03-28,16.6,95.0,0.0,10.2,20.7,0.242
2022-03-29,2022-03-29,16.6,91.0,0.0,12.8,19.9,0.249
2022-03-30,2022-03-30,17.3,89.0,0.0,8.2,20.9,0.246
2022-03-31,2022-03-31,16.6,95.0,0.0,1.8,20.6,0.24
2022-04-01,2022-04-01,19.2,89.0,0.0,0.7,21.6,0.234
2022-04-02,2022-04-02,17.4,91.0,0.0,13.3,21.8,0.229
2022-04-03,2022-04-03,18.2,88.0,0.0,4.5,22.5,0.22
2022-04-04,2022-04-04,18.2,96.0,0.0,7.3,22.0,0.214
2022-04-05,2022-04-05,18.4,85.0,0.0,9.7,22.0,0.212
2022-04-06,2022-04-06,19.1,90.0,0.0,10.5,22.8,0.202
2022-04-07,2022-04-07,17.2,89.0,0.0,12.4,22.9,0.192
2022-04-08,2022-04-08,17.7,73.0,0.0,2.9,23.0,0.187
2022-04-09,2022-04-09,17.8,92.0,0.0,3.9,23.6,0.179
2022-04-10,2022-04-10,17.5,95.0,0.0,7.7,23.5,0.173
2022-04-11,2022-04-11,18.9,90.0,0.8,9.4,23.6,0.172
2022-04-12,2022-04-12,18.9,91.0,0.0,7.1,22.2,0.178
2022-04-13,2022-04-13,20.1,96.0,0.0,6.5,22.8,0.178
2022-04-14,2022-04-14,20.3,84.0,0.0,11.4,23.5,0.177
2022-04-15,2022-04-15,20.4,98.0,0.0,1.4,23.8,0.175
2022-04-16,2022-04-16,19.9,95.0,0.0,6.0,24.0,0.172
2022-04-17,2022-04-17,19.7,97.0,0.0,4.0,24.2,0.169
2022-04-18,2022-04-18,19.9,91.0,0.0,2.8,24.8,0.166
2022-04-19,2022-04-19,18.7,86.0,0.0,8.3,25.2,0.164
2022-04-20,2022-04-20,18.6,74.0,0.0,6.8,24.7,0.155
2022-04-21,2022-04-21,16.5,95.0,0.0,1.8,22.1,0.156
2022-04-22,2022-04-22,18.8,89.0,0.0,4.1,23.2,0.155
2022-04-23,2022-04-23,19.5,96.0,0.0,2.9,23.5,0.157
2022-04-24,2022-04-24,19.8,96.0,0.0,7.2,23.9,0.154
2022-04-25,2022-04-25,19.9,89.0,0.0,12.0,24.8,0.151
2022-04-26,2022-04-26,20.6,88.0,0.0,2.9,25.7,0.147
2022-04-27,2022-04-27,21.0,88.0,0.0,2.6,26.5,0.144
2022-04-28,2022-04-28,20.9,78.0,0.0,8.9,27.0,0.142
2022-04-29,2022-04-29,21.5,78.0,0.0,4.5,27.3,0.143
2022-04-30,2022-04-30,20.9,84.0,0.0,10.5,27.9,0.142
2022-05-01,2022-05-01,19.0,94.0,0.0,14.1,27.1,0.15
2022-05-02,2022-05-02,19.1,88.0,0.0,4.7,25.9,0.155
2022-05-03,2022-05-03,18.8,87.0,0.0,9.6,25.3,0.158
2022-05-04,2022-05-04,18.9,93.0,7.0,5.9,23.5,0.189
2022-05-05,2022-05-05,17.9,92.0,0.0,2.8,23.0,0.205
2022-05-06,2022-05-06,18.7,93.0,0.0,8.7,23.5,0.207
2022-05-07,2022-05-07,19.6,90.0,0.0,16.7,24.0,0.205
2022-05-08,2022-05-08,20.8,88.0,0.0,1.8,24.5,0.199
2022-05-09,2022-05-09,20.8,89.0,0.0,3.9,25.1,0.194
2022-05-10,2022-05-10,21.9,93.0,0.1,1.8,24.5,0.189
2022-05-11,2022-05-11,21.8,90.0,0.0,6.6,24.3,0.191
2022-05-12,2022-05-12,21.7,90.0,1.2,11.7,24.6,0.193
2022-05-13,2022-05-13,21.1,91.0,0.0,8.3,23.9,0.209
2022-05-14,2022-05-14,21.2,90.0,0.0,8.5,23.4,0.235
2022-05-15,2022-05-15,21.4,93.0,0.0,3.9,23.3,0.242
2022-05-16,2022-05-16,21.5,89.0,0.0,6.4,23.9,0.241
2022-05-17,2022-05-17,20.8,93.0,0.0,5.8,23.9,0.238
2022-05-18,2022-05-18,21.1,95.0,0.0,7.6,23.1,0.265
2022-05-19,2022-05-19,21.4,89.0,0.0,10.3,23.9,0.267
2022-05-20,2022-05-20,20.1,94.0,0.5,6.5,24.1,0.272
2022-05-21,2022-05-21,20.2,91.0,0.0,1.8,24.2,0.272
2022-05-22,2022-05-22,20.9,92.0,0.2,0.8,24.5,0.262
2022-05-23,2022-05-23,20.4,93.0,0.0,4.1,24.3,0.256
2022-05-24,2022-05-24,22.2,89.0,0.0,3.5,25.3,0.245
2022-05-25,2022-05-25,21.0,88.0,1.5,7.1,24.6,0.236
2022-05-26,2022-05-26,20.8,91.0,0.0,5.5,22.5,0.256
2022-05-27,2022-05-27,19.9,95.0,0.0,2.9,23.6,0.249
2022-05-28,2022-05-28,20.5,93.0,0.0,2.5,24.4,0.237
2022-05-29,2022-05-29,20.4,88.0,0.0,1.8,24.9,0.224
2022-05-30,2022-05-30,21.7,89.0,0.0,3.3,26.1,0.212
2022-05-31,2022-05-31,21.4,99.0,0.0,0.0,24.9,0.211
2022-06-01,2022-06-01,21.8,95.0,0.0,4.1,24.5,0.226
2022-06-02,2022-06-02,21.9,94.0,0.8,10.4,24.3,0.315
2022-06-03,2022-06-03,21.9,89.0,0.0,14.6,24.1,0.373
2022-06-04,2022-06-04,21.9,92.0,0.2,2.5,24.3,0.358
2022-06-05,2022-06-05,22.4,93.0,0.0,3.2,24.7,0.337
2022-06-06,2022-06-06,22.1,88.0,0.0,2.2,24.8,0.322
2022-06-07,2022-06-07,22.4,92.0,0.0,5.5,25.2,0.306
2022-06-08,2022-06-08,22.2,95.0,0.0,12.1,25.5,0.291
2022-06-09,2022-06-09,22.2,91.0,0.0,4.0,25.2,0.285
2022-06-10,2022-06-10,22.1,89.0,0.0,3.8,24.7,0.318
2022-06-11,2022-06-11,22.3,88.0,0.4,9.0,25.5,0.311
2022-06-12,2022-06-12,22.1,92.0,0.0,8.9,25.5,0.296
2022-06-13,2022-06-13,22.4,89.0,0.1,8.4,25.9,0.283
2022-06-14,2022-06-14,21.9,90.0,0.0,8.7,25.6,0.277
2022-06-15,2022-06-15,22.1,94.0,0.4,5.7,25.5,0.27
2022-06-16,2022-06-16,21.8,95.0,0.1,5.4,24.4,0.283
2022-06-17,2022-06-17,21.6,92.0,1.2,10.4,23.6,0.324
2022-06-18,2022-06-18,21.3,91.0,0.8,14.8,22.8,0.362
2022-06-19,2022-06-19,21.6,92.0,0.1,11.9,22.5,0.396
2022-06-20,2022-06-20,21.7,92.0,0.1,9.8,23.3,0.374
2022-06-21,2022-06-21,22.0,91.0,0.0,5.3,23.4,0.358
2022-06-22,2022-06-22,22.0,93.0,0.0,5.0,24.2,0.376
2022-06-23,2022-06-23,23.0,93.0,0.2,3.9,24.8,0.369
2022-06-24,2022-06-24,22.7,91.0,0.2,6.1,24.8,0.36
2022-06-25,2022-06-25,21.9,94.0,0.0,7.3,23.9,0.405
2022-06-26,2022-06-26,22.8,93.0,0.0,6.0,24.2,0.379
2022-06-27,2022-06-27,22.7,91.0,0.0,5.2,25.0,0.354
2022-06-28,2022-06-28,22.8,93.0,0.1,8.4,25.5,0.334
2022-06-29,2022-06-29,21.8,93.0,0.0,7.6,25.1,0.347
2022-06-30,2022-06-30,22.7,92.0,0.0,5.0,24.6,0.341
2022-07-01,2022-07-01,22.5,93.0,0.0,2.5,24.9,0.33
2022-07-02,2022-07-02,22.4,94.0,0.0,0.7,25.2,0.347
2022-07-03,2022-07-03,22.9,92.0,0.0,1.5,25.0,0.385
2022-07-04,2022-07-04,22.3,93.0,0.0,6.8,25.0,0.385
2022-07-05,2022-07-05,21.9,96.0,0.1,10.7,24.9,0.404
2022-07-06,2022-07-06,22.8,92.0,0.3,3.4,25.5,0.383
2022-07-07,2022-07-07,23.4,92.0,0.0,2.7,26.0,0.363
2022-07-08,2022-07-08,22.9,90.0,0.0,1.3,26.5,0.339
2022-07-09,2022-07-09,22.3,90.0,0.0,7.9,25.5,0.336
2022-07-10,2022-07-10,22.8,93.0,0.0,6.1,25.9,0.32
2022-07-11,2022-07-11,22.7,94.0,0.1,5.6,25.6,0.316
2022-07-12,2022-07-12,23.0,92.0,0.0,1.5,25.7,0.325
2022-07-13,2022-07-13,23.3,90.0,0.0,7.7,26.3,0.316
2022-07-14,2022-07-14,23.1,91.0,0.0,9.7,26.4,0.301
2022-07-15,2022-07-15,23.1,88.0,0.0,8.9,26.6,0.289
2022-07-16,2022-07-16,23.7,88.0,0.0,2.1,26.7,0.276
2022-07-17,2022-07-17,23.9,88.0,0.0,6.6,27.2,0.265
2022-07-18,2022-07-18,23.6,92.0,0.7,3.4,27.1,0.368
2022-07-19,2022-07-19,23.7,89.0,0.0,2.6,26.5,0.363
2022-07-20,2022-07-20,23.3,91.0,0.0,2.4,26.2,0.351
2022-07-21,2022-07-21,22.0,94.0,0.1,5.9,25.7,0.379
2022-07-22,2022-07-22,22.9,96.0,1.0,5.2,25.6,0.378
2022-07-23,2022-07-23,22.9,91.0,0.0,4.8,26.0,0.363
2022-07-24,2022-07-24,22.5,91.0,1.2,3.8,25.7,0.352
2022-07-25,2022-07-25,22.2,91.0,1.5,2.9,24.4,0.417
2022-07-26,2022-07-26,21.5,98.0,0.0,4.3,24.4,0.392
2022-07-27,2022-07-27,21.2,93.0,0.0,6.1,25.0,0.374
2022-07-28,2022-07-28,21.9,97.0,0.5,3.6,25.3,0.355
2022-07-29,2022-07-29,22.2,93.0,0.0,5.6,25.2,0.355
2022-07-30,2022-07-30,23.4,91.0,0.0,6.3,25.8,0.344
2022-07-31,2022-07-31,22.4,94.0,0.1,11.4,25.7,0.339
2022-08-01,2022-08-01,22.4,90.0,0.0,4.1,25.5,0.331
2022-08-02,2022-08-02,22.7,96.0,0.0,5.6,25.8,0.317
2022-08-03,2022-08-03,22.3,97.0,0.4,14.7,25.9,0.308
2022-08-04,2022-08-04,22.1,96.0,0.0,1.8,24.6,0.329
2022-08-05,2022-08-05,22.6,96.0,0.0,2.4,25.4,0.327
2022-08-06,2022-08-06,22.5,94.0,0.1,4.0,25.5,0.364
2022-08-07,2022-08-07,22.1,96.0,0.0,6.4,25.3,0.362
2022-08-08,2022-08-08,22.8,94.0,0.3,9.1,25.9,0.345
2022-08-09,2022-08-09,22.7,92.0,0.0,9.4,25.6,0.34
2022-08-10,2022-08-10,22.6,90.0,0.0,1.9,25.8,0.331
2022-08-11,2022-08-11,21.1,93.0,0.0,6.4,25.2,0.321
2022-08-12,2022-08-12,23.7,87.0,0.0,6.1,26.3,0.307
2022-08-13,2022-08-13,22.6,94.0,0.7,3.9,25.7,0.301
2022-08-14,2022-08-14,22.8,87.0,0.0,11.3,25.0,0.316
2022-08-15,2022-08-15,22.7,96.0,0.0,2.5,25.1,0.318
2022-08-16,2022-08-16,23.2,87.0,0.0,11.8,25.9,0.312
2022-08-17,2022-08-17,22.5,96.0,0.0,2.1,25.7,0.301
2022-08-18,2022-08-18,22.7,94.0,0.0,9.4,26.5,0.289
2022-08-19,2022-08-19,23.2,86.0,0.0,14.6,26.2,0.28
2022-08-20,2022-08-20,22.4,92.0,0.0,6.8,26.2,0.272
2022-08-21,2022-08-21,22.7,95.0,0.0,3.3,26.1,0.263
2022-08-22,2022-08-22,22.9,95.0,0.0,6.1,26.4,0.255
2022-08-23,2022-08-23,22.9,93.0,0.1,9.5,26.0,0.252
2022-08-24,2022-08-24,21.7,97.0,0.0,7.0,25.8,0.251
2022-08-25,2022-08-25,23.7,87.0,0.0,11.8,26.4,0.245
2022-08-26,2022-08-26,22.5,88.0,0.0,5.7,26.4,0.239
2022-08-27,2022-08-27,22.8,91.0,2.0,10.1,26.4,0.231
2022-08-28,2022-08-28,22.4,94.0,0.0,4.3,24.5,0.278
2022-08-29,2022-08-29,21.0,93.0,0.0,5.7,24.5,0.283
2022-08-30,2022-08-30,21.6,93.0,0.0,4.5,25.4,0.275
2022-08-31,2022-08-31,22.0,93.0,0.0,6.5,25.9,0.267
2022-09-01,2022-09-01,22.1,95.0,0.0,3.6,26.0,0.257
2022-09-02,2022-09-02,22.1,90.0,0.0,5.5,25.6,0.248
2022-09-03,2022-09-03,21.7,94.0,0.0,13.4,25.6,0.24
2022-09-04,2022-09-04,22.0,89.0,0.1,13.6,25.9,0.232
2022-09-05,2022-09-05,22.3,90.0,0.0,9.0,26.1,0.225
2022-09-06,2022-09-06,22.0,93.0,0.0,6.5,25.8,0.219
2022-09-07,2022-09-07,21.8,98.0,0.0,6.8,25.2,0.222
2022-09-08,2022-09-08,21.2,96.0,0.0,7.0,25.5,0.218
2022-09-09,2022-09-09,21.3,88.0,0.0,10.3,26.1,0.21
2022-09-10,2022-09-10,22.1,90.0,0.1,3.1,26.3,0.203
2022-09-11,2022-09-11,21.9,93.0,0.0,5.6,25.7,0.199
2022-09-12,2022-09-12,21.3,95.0,0.0,4.1,25.1,0.201
2022-09-13,2022-09-13,21.8,93.0,0.0,5.8,25.3,0.203
2022-09-14,2022-09-14,21.6,95.0,0.0,4.0,25.4,0.203
2022-09-15,2022-09-15,21.6,92.0,0.0,7.6,25.4,0.2
2022-09-16,2022-09-16,22.0,92.0,0.0,6.1,25.5,0.198
2022-09-17,2022-09-17,21.7,95.0,0.0,8.6,25.8,0.194
2022-09-18,2022-09-18,22.1,92.0,0.0,3.2,25.6,0.191
2022-09-19,2022-09-19,22.0,95.0,0.0,6.9,25.6,0.189
2022-09-20,2022-09-20,22.2,93.0,0.0,3.4,26.0,0.186
2022-09-21,2022-09-21,22.2,90.0,0.0,2.1,25.9,0.183
2022-09-22,2022-09-22,21.8,93.0,0.0,5.2,25.5,0.186
2022-09-23,2022-09-23,21.7,93.0,0.0,2.9,25.6,0.184
2022-09-24,2022-09-24,21.7,92.0,0.1,4.5,25.4,0.183
2022-09-25,2022-09-25,21.2,96.0,0.0,9.1,25.4,0.186
2022-09-26,2022-09-26,21.1,99.0,0.0,5.9,25.2,0.188
2022-09-27,2022-09-27,20.7,98.0,0.0,7.6,25.0,0.185
2022-09-28,2022-09-28,20.8,96.0,0.0,6.2,25.2,0.191
2022-09-29,2022-09-29,21.2,98.0,0.0,3.2,25.3,0.196
2022-09-30,2022-09-30,21.3,95.0,0.0,3.3,25.9,0.19
2022-10-01,2022-10-01,21.5,91.0,0.0,5.9,26.3,0.186
2022-10-02,2022-10-02,21.5,89.0,0.1,12.5,26.7,0.181
2022-10-03,2022-10-03,22.2,92.0,0.2,5.6,25.2,0.192
2022-10-04,2022-10-04,21.3,98.0,0.0,11.5,24.3,0.225
2022-10-05,2022-10-05,21.1,95.0,0.0,0.8,24.0,0.25
2022-10-06,2022-10-06,20.5,94.0,0.0,0.8,24.4,0.268
2022-10-07,2022-10-07,20.5,92.0,0.0,4.8,24.7,0.264
2022-10-08,2022-10-08,20.9,93.0,0.0,4.5,25.0,0.251
2022-10-09,2022-10-09,20.7,92.0,0.0,7.3,25.2,0.243
2022-10-10,2022-10-10,20.8,93.0,0.0,7.1,25.0,0.232
2022-10-11,2022-10-11,20.2,92.0,0.0,10.2,25.0,0.221
2022-10-12,2022-10-12,19.7,96.0,0.0,8.1,24.8,0.217
2022-10-13,2022-10-13,20.0,94.0,0.0,5.5,24.9,0.208
2022-10-14,2022-10-14,20.5,94.0,0.0,6.5,24.9,0.199
2022-10-15,2022-10-15,20.3,98.0,0.0,1.8,25.0,0.194
2022-10-16,2022-10-16,18.9,92.0,0.0,9.4,25.5,0.184
2022-10-17,2022-10-17,19.6,89.0,0.0,9.6,25.8,0.18
2022-10-18,2022-10-18,18.5,91.0,0.0,13.5,25.4,0.177
2022-10-19,2022-10-19,17.9,97.0,0.0,5.4,22.2,0.331
2022-10-20,2022-10-20,16.4,98.0,0.0,7.8,21.9,0.328
2022-10-21,2022-10-21,16.3,93.0,0.0,7.6,22.2,0.317
2022-10-22,2022-10-22,16.5,94.0,0.0,8.9,22.2,0.307
2022-10-23,2022-10-23,17.6,90.0,0.0,11.2,22.6,0.294
2022-10-24,2022-10-24,20.2,91.0,2.8,14.2,22.8,0.287
2022-10-25,2022-10-25,19.5,95.0,1.0,4.4,21.2,0.396
2022-10-26,2022-10-26,16.5,98.0,0.0,7.2,20.9,0.393
2022-10-27,2022-10-27,17.3,97.0,0.0,2.3,20.9,0.372
2022-10-28,2022-10-28,13.6,90.0,0.0,11.2,20.5,0.356
2022-10-29,2022-10-29,13.5,87.0,0.0,10.5,20.2,0.339
2022-10-30,2022-10-30,15.0,93.0,0.0,9.4,20.4,0.326
2022-10-31,2022-10-31,14.3,94.0,0.0,8.8,20.7,0.313
2022-11-01,2022-11-01,16.0,78.0,0.0,3.4,20.5,0.3
2022-11-02,2022-11-02,12.6,93.0,0.0,5.2,20.4,0.29
2022-11-03,2022-11-03,13.7,92.0,0.0,3.7,20.2,0.284
2022-11-04,2022-11-04,16.3,97.0,0.0,5.5,21.0,0.275
2022-11-05,2022-11-05,15.8,95.0,0.0,8.5,20.9,0.269
2022-11-06,2022-11-06,15.3,94.0,0.0,8.0,20.7,0.265
2022-11-07,2022-11-07,14.6,97.0,0.0,4.7,20.9,0.253
2022-11-08,2022-11-08,13.1,93.0,0.0,6.9,20.6,0.247
2022-11-09,2022-11-09,12.4,94.0,0.0,3.1,20.1,0.24
2022-11-10,2022-11-10,12.5,91.0,0.0,3.9,20.0,0.237
2022-11-11,2022-11-11,12.1,92.0,0.0,5.4,19.8,0.232
2022-11-12,2022-11-12,13.2,93.0,0.0,3.5,19.9,0.226
2022-11-13,2022-11-13,12.6,92.0,0.0,4.7,19.9,0.22
2022-11-14,2022-11-14,11.3,90.0,0.0,8.1,19.5,0.212
2022-11-15,2022-11-15,12.0,84.0,0.0,3.2,19.4,0.205
2022-11-16,2022-11-16,10.7,92.0,0.0,3.6,19.0,0.194
2022-11-17,2022-11-17,11.7,87.0,0.0,2.5,19.0,0.188
2022-11-18,2022-11-18,10.0,79.0,0.0,6.5,18.7,0.184
2022-11-19,2022-11-19,10.3,82.0,0.0,7.6,18.6,0.176
2022-11-20,2022-11-20,13.1,66.0,0.0,2.7,18.7,0.172
2022-11-21,2022-11-21,17.3,74.0,0.0,8.1,20.0,0.175
2022-11-22,2022-11-22,14.4,87.0,0.0,6.8,20.7,0.177
2022-11-23,2022-11-23,13.2,82.0,0.0,7.2,20.4,0.177
2022-11-24,2022-11-24,11.2,87.0,0.0,8.7,19.8,0.174
2022-11-25,2022-11-25,10.8,84.0,0.0,8.4,19.5,0.175
2022-11-26,2022-11-26,12.8,71.0,0.0,4.1,18.9,0.18
2022-11-27,2022-11-27,13.1,76.0,0.0,1.3,18.6,0.179
2022-11-28,2022-11-28,15.2,80.0,0.0,9.6,19.3,0.178
2022-11-29,2022-11-29,17.3,98.0,0.0,7.6,20.3,0.177
2022-11-30,2022-11-30,17.2,99.0,0.1,5.1,20.5,0.171
2022-12-01,2022-12-01,17.4,95.0,0.0,1.1,20.5,0.17
2022-12-02,2022-12-02,15.2,90.0,0.0,11.6,20.5,0.174
2022-12-03,2022-12-03,12.9,86.0,0.0,7.6,19.9,0.178
2022-12-04,2022-12-04,12.3,86.0,0.0,9.0,19.2,0.177
2022-12-05,2022-12-05,13.0,92.0,0.0,8.7,19.2,0.176
2022-12-06,2022-12-06,12.2,93.0,0.0,7.3,19.2,0.176
2022-12-07,2022-12-07,10.5,93.0,0.0,8.1,18.9,0.176
2022-12-08,2022-12-08,10.9,93.0,0.0,11.5,18.7,0.176
2022-12-09,2022-12-09,9.9,89.0,0.0,8.0,18.4,0.174
2022-12-10,2022-12-10,10.1,89.0,0.0,7.6,18.1,0.17
2022-12-11,2022-12-11,9.9,90.0,0.0,7.2,18.1,0.169
2022-12-12,2022-12-12,9.7,93.0,0.0,8.3,17.9,0.169
2022-12-13,2022-12-13,9.7,91.0,0.0,6.6,17.6,0.169
2022-12-14,2022-12-14,11.5,93.0,0.0,1.9,17.6,0.17
2022-12-15,2022-12-15,12.1,90.0,0.0,1.5,17.8,0.172
2022-12-16,2022-12-16,10.8,85.0,0.0,2.4,17.3,0.17
2022-12-17,2022-12-17,8.2,88.0,0.0,9.6,16.9,0.168
2022-12-18,2022-12-18,9.8,83.0,0.0,7.8,16.8,0.169
2022-12-19,2022-12-19,11.1,86.0,0.0,11.4,17.3,0.17
2022-12-20,2022-12-20,11.7,98.0,0.0,2.3,17.2,0.167
2022-12-21,2022-12-21,9.4,94.0,0.0,9.0,17.4,0.167
2022-12-22,2022-12-22,8.9,91.0,0.0,8.1,17.1,0.171
2022-12-23,2022-12-23,8.2,90.0,0.0,3.9,16.9,0.174
2022-12-24,2022-12-24,7.8,90.0,0.0,9.7,16.5,0.177
2022-12-25,2022-12-25,11.3,93.0,0.0,4.2,16.7,0.173
2022-12-26,2022-12-26,12.3,80.0,0.0,1.5,16.8,0.172
2022-12-27,2022-12-27,11.7,91.0,0.9,4.7,16.6,0.171
2022-12-28,2022-12-28,10.4,95.0,0.0,4.2,15.6,0.179
2022-12-29,2022-12-29,9.2,80.0,0.0,9.0,15.0,0.181
2022-12-30,2022-12-30,7.7,89.0,0.0,6.6,15.0,0.18
2022-12-31,2022-12-31,8.8,92.0,0.0,2.1,14.8,0.18
2023-01-01,2023-01-01,6.5,92.0,0.0,5.9,14.6,0.178
2023-01-02,2023-01-02,6.5,90.0,0.0,9.5,14.4,0.178
2023-01-03,2023-01-03,6.8,88.0,0.0,12.1,14.5,0.177
2023-01-04,2023-01-04,7.1,85.0,0.0,11.5,14.5,0.177
2023-01-05,2023-01-05,8.3,78.0,0.0,6.3,14.6,0.176
2023-01-06,2023-01-06,9.4,78.0,0.0,8.1,14.8,0.174
2023-01-07,2023-01-07,10.8,73.0,0.0,8.2,15.2,0.173
2023-01-08,2023-01-08,11.0,88.0,0.0,2.6,15.8,0.17
2023-01-09,2023-01-09,10.5,87.0,0.0,2.9,15.8,0.168
2023-01-10,2023-01-10,9.8,80.0,0.0,3.6,15.7,0.167
2023-01-11,2023-01-11,9.5,82.0,0.0,3.2,16.0,0.167
2023-01-12,2023-01-12,8.1,91.0,0.0,5.3,16.0,0.164
2023-01-13,2023-01-13,8.8,86.0,0.0,3.5,16.0,0.162
2023-01-14,2023-01-14,7.5,88.0,0.0,3.1,15.7,0.162
2023-01-15,2023-01-15,10.9,82.0,0.0,2.9,15.6,0.163
2023-01-16,2023-01-16,7.0,92.0,0.0,3.2,15.5,0.163
2023-01-17,2023-01-17,6.7,91.0,0.0,4.6,15.2,0.162
2023-01-18,2023-01-18,6.5,93.0,0.0,5.6,15.0,0.16
2023-01-19,2023-01-19,5.7,79.0,0.0,1.8,14.4,0.161
2023-01-20,2023-01-20,6.0,71.0,0.0,4.0,14.1,0.162
2023-01-21,2023-01-21,6.8,63.0,0.0,3.4,14.3,0.162
2023-01-22,2023-01-22,8.9,70.0,0.0,1.3,14.6,0.165
2023-01-23,2023-01-23,9.7,72.0,0.0,0.5,14.8,0.162
2023-01-24,2023-01-24,7.7,91.0,0.0,6.4,15.3,0.165
2023-01-25,2023-01-25,7.7,90.0,0.0,4.5,15.6,0.166
2023-01-26,2023-01-26,10.7,85.0,0.0,1.6,15.9,0.164
2023-01-27,2023-01-27,11.9,86.0,0.0,1.8,16.5,0.16
2023-01-28,2023-01-28,11.4,80.0,0.0,3.0,16.9,0.162
2023-01-29,2023-01-29,10.9,77.0,0.0,2.8,16.9,0.16
2023-01-30,2023-01-30,11.6,76.0,0.0,6.3,17.2,0.161
2023-01-31,2023-01-31,12.1,80.0,0.0,2.5,17.5,0.16
2023-02-01,2023-02-01,13.0,70.0,0.0,4.2,17.8,0.158
2023-02-02,2023-02-02,14.2,69.0,0.0,7.2,18.8,0.153
2023-02-03,2023-02-03,12.0,61.0,0.0,1.3,18.9,0.15
2023-02-04,2023-02-04,12.3,74.0,0.0,2.4,18.6,0.154
2023-02-05,2023-02-05,10.1,83.0,0.0,7.2,18.4,0.155
2023-02-06,2023-02-06,8.9,92.0,0.0,4.6,18.0,0.152
2023-02-07,2023-02-07,10.6,90.0,0.0,2.0,17.9,0.149
2023-02-08,2023-02-08,11.0,77.0,0.0,1.1,17.5,0.144
2023-02-09,2023-02-09,10.2,84.0,0.0,5.6,17.6,0.149
2023-02-10,2023-02-10,10.8,80.0,0.0,2.1,18.1,0.149
2023-02-11,2023-02-11,10.3,91.0,0.0,4.3,18.3,0.151
2023-02-12,2023-02-12,12.3,71.0,0.0,0.4,18.1,0.153
2023-02-13,2023-02-13,13.6,97.0,0.2,1.8,18.7,0.153
2023-02-14,2023-02-14,7.9,77.0,0.0,9.0,18.4,0.155
2023-02-15,2023-02-15,11.2,84.0,0.0,4.1,18.4,0.158
2023-02-16,2023-02-16,12.5,87.0,0.0,5.5,18.6,0.16
2023-02-17,2023-02-17,12.1,86.0,0.0,1.5,19.2,0.163
2023-02-18,2023-02-18,12.9,86.0,0.0,2.1,19.5,0.165
2023-02-19,2023-02-19,11.6,93.0,0.0,2.9,19.7,0.163
2023-02-20,2023-02-20,13.7,87.0,0.0,2.2,20.1,0.162
2023-02-21,2023-02-21,14.4,86.0,0.0,1.4,20.3,0.163
2023-02-22,2023-02-22,13.8,94.0,0.0,7.2,20.3,0.161
2023-02-23,2023-02-23,14.0,84.0,0.0,5.9,20.4,0.163
2023-02-24,2023-02-24,13.0,95.0,0.0,4.9,20.3,0.162
2023-02-25,2023-02-25,12.8,89.0,0.0,8.0,20.3,0.152
2023-02-26,2023-02-26,12.9,87.0,0.0,5.0,20.7,0.148
2023-02-27,2023-02-27,11.9,90.0,0.0,4.7,20.7,0.151
2023-02-28,2023-02-28,12.5,71.0,0.0,4.3,20.4,0.155
2023-03-01,2023-03-01,11.6,82.0,0.0,4.0,20.5,0.151
2023-03-02,2023-03-02,13.3,67.0,0.0,2.8,20.6,0.152
2023-03-03,2023-03-03,12.9,70.0,0.0,3.6,20.6,0.152
2023-03-04,2023-03-04,12.3,76.0,0.0,6.7,20.8,0.152
2023-03-05,2023-03-05,15.1,61.0,0.0,1.9,21.2,0.152
2023-03-06,2023-03-06,14.5,82.0,0.0,3.5,21.7,0.153
2023-03-07,2023-03-07,14.0,87.0,0.0,2.9,21.8,0.152
2023-03-08,2023-03-08,14.2,66.0,0.0,4.7,21.6,0.151
2023-03-09,2023-03-09,14.6,61.0,0.0,4.3,22.2,0.151
2023-03-10,2023-03-10,16.7,72.0,0.0,3.1,22.7,0.154
2023-03-11,2023-03-11,15.3,59.0,0.0,4.0,22.7,0.151
2023-03-12,2023-03-12,16.0,65.0,0.0,0.5,22.7,0.151
2023-03-13,2023-03-13,14.5,65.0,0.0,4.3,22.9,0.156
2023-03-14,2023-03-14,15.1,61.0,0.0,4.3,23.1,0.151
2023-03-15,2023-03-15,15.5,76.0,0.0,5.5,23.2,0.15
2023-03-16,2023-03-16,13.7,97.0,0.0,2.1,21.2,0.153
2023-03-17,2023-03-17,14.5,85.0,0.0,3.9,21.3,0.155
2023-03-18,2023-03-18,16.1,77.0,0.0,8.5,21.4,0.17
2023-03-19,2023-03-19,15.8,85.0,0.0,6.9,21.3,0.167
2023-03-20,2023-03-20,16.1,95.0,0.2,6.8,20.0,0.171
2023-03-21,2023-03-21,14.7,97.0,0.1,4.9,19.4,0.172
2023-03-22,2023-03-22,13.8,96.0,0.0,2.7,19.8,0.161
2023-03-23,2023-03-23,13.5,96.0,0.0,3.5,19.5,0.154
2023-03-24,2023-03-24,13.5,93.0,0.0,1.9,19.8,0.152
2023-03-25,2023-03-25,13.7,89.0,0.0,2.7,20.2,0.137
2023-03-26,2023-03-26,15.2,90.0,0.0,0.7,20.9,0.138
2023-03-27,2023-03-27,15.9,94.0,0.0,2.6,21.5,0.123
2023-03-28,2023-03-28,14.7,94.0,0.0,4.1,21.0,0.116
2023-03-29,2023-03-29,14.9,89.0,0.0,3.5,21.3,0.119
2023-03-30,2023-03-30,14.7,88.0,0.0,1.4,21.8,0.117
2023-03-31,2023-03-31,16.7,87.0,0.0,6.9,22.3,0.106
2023-04-01,2023-04-01,16.8,82.0,0.0,3.6,22.9,0.109
2023-04-02,2023-04-02,15.9,96.0,0.1,5.9,21.0,0.113
2023-04-03,2023-04-03,15.2,97.0,0.1,2.9,21.0,0.113
2023-04-04,2023-04-04,14.4,96.0,0.0,3.1,20.9,0.106
2023-04-05,2023-04-05,15.4,85.0,0.0,7.4,21.6,0.109
2023-04-06,2023-04-06,16.7,97.0,0.1,4.1,22.0,0.11
2023-04-07,2023-04-07,14.4,86.0,0.0,5.2,22.0,0.109
2023-04-08,2023-04-08,14.6,82.0,0.0,7.2,22.6,0.109
2023-04-09,2023-04-09,15.8,70.0,0.0,4.8,23.4,0.108
2023-04-10,2023-04-10,16.6,73.0,0.0,3.9,24.1,0.11
2023-04-11,2023-04-11,18.3,68.0,0.0,2.2,24.7,0.105
2023-04-12,2023-04-12,17.5,63.0,0.0,4.7,25.1,0.103
2023-04-13,2023-04-13,17.0,51.0,0.0,1.8,25.4,0.101
2023-04-14,2023-04-14,18.9,61.0,0.0,3.9,25.9,0.104
2023-04-15,2023-04-15,19.4,66.0,0.0,8.0,26.5,0.104
2023-04-16,2023-04-16,20.3,69.0,0.0,7.3,26.8,0.103
2023-04-17,2023-04-17,21.0,71.0,0.0,3.1,27.4,0.103
2023-04-18,2023-04-18,21.5,73.0,0.0,4.2,27.7,0.104
2023-04-19,2023-04-19,22.2,84.0,0.0,2.5,28.0,0.102
2023-04-20,2023-04-20,21.7,65.0,0.0,10.1,28.0,0.103
2023-04-21,2023-04-21,22.1,69.0,0.0,6.4,27.8,0.108
2023-04-22,2023-04-22,19.7,80.0,0.1,10.3,26.5,0.112
2023-04-23,2023-04-23,20.2,75.0,0.0,8.4,25.9,0.111
2023-04-24,2023-04-24,17.2,98.0,0.0,7.3,24.4,0.112
2023-04-25,2023-04-25,19.0,70.0,0.0,7.2,25.3,0.112
2023-04-26,2023-04-26,19.0,90.0,0.0,3.7,26.0,0.109
2023-04-27,2023-04-27,19.4,68.0,0.0,2.2,26.3,0.104
2023-04-28,2023-04-28,20.9,81.0,0.0,6.4,26.8,0.104
2023-04-29,2023-04-29,19.6,77.0,0.0,3.0,27.1,0.101
2023-04-30,2023-04-30,22.5,69.0,0.0,0.8,28.1,0.102
2023-05-01,2023-05-01,21.8,75.0,0.0,1.8,28.1,0.101
2023-05-02,2023-05-02,22.0,74.0,0.2,8.0,28.1,0.099
2023-05-03,2023-05-03,20.6,68.0,0.0,6.8,27.4,0.097
2023-05-04,2023-05-04,21.3,86.0,0.0,2.4,27.3,0.103
2023-05-05,2023-05-05,19.5,98.0,0.0,2.8,25.1,0.107
2023-05-06,2023-05-06,21.2,85.0,0.0,2.3,26.0,0.099
2023-05-07,2023-05-07,20.9,79.0,0.0,6.7,26.8,0.092
2023-05-08,2023-05-08,20.8,68.0,0.0,2.6,27.6,0.088
2023-05-09,2023-05-09,20.5,66.0,0.0,7.4,28.3,0.091
2023-05-10,2023-05-10,23.1,55.0,0.0,0.4,28.8,0.095
2023-05-11,2023-05-11,22.9,65.0,0.0,7.1,29.1,0.092
2023-05-12,2023-05-12,22.5,66.0,0.0,12.1,29.5,0.094
2023-05-13,2023-05-13,22.8,81.0,0.0,2.4,29.9,0.094
2023-05-14,2023-05-14,19.8,82.0,1.5,20.9,25.8,0.088
2023-05-15,2023-05-15,18.0,91.0,0.1,10.4,21.9,0.19
2023-05-16,2023-05-16,19.4,92.0,0.0,2.6,22.8,0.208
2023-05-17,2023-05-17,19.3,73.0,0.0,8.4,24.2,0.203
2023-05-18,2023-05-18,19.5,92.0,0.0,5.8,24.6,0.198
2023-05-19,2023-05-19,19.7,94.0,0.0,7.1,24.7,0.194
2023-05-20,2023-05-20,20.4,87.0,0.0,6.0,24.9,0.188
2023-05-21,2023-05-21,21.0,90.0,0.0,4.6,25.3,0.179
2023-05-22,2023-05-22,21.9,75.0,0.0,8.4,26.1,0.172
2023-05-23,2023-05-23,21.8,81.0,0.0,2.9,26.8,0.164
2023-05-24,2023-05-24,21.8,84.0,0.0,5.1,27.0,0.157
2023-05-25,2023-05-25,21.1,76.0,0.0,8.4,25.9,0.153
2023-05-26,2023-05-26,21.1,92.0,0.0,5.8,27.0,0.151
2023-05-27,2023-05-27,20.6,90.0,0.0,4.0,25.7,0.151
2023-05-28,2023-05-28,20.8,87.0,0.0,1.1,26.1,0.148
2023-05-29,2023-05-29,21.1,87.0,0.0,2.0,26.8,0.148
2023-05-30,2023-05-30,23.3,82.0,0.0,3.8,28.3,0.146
2023-05-31,2023-05-31,24.2,85.0,0.0,1.3,29.7,0.136
2023-06-01,2023-06-01,25.1,80.0,0.0,6.8,30.5,0.133
2023-06-02,2023-06-02,24.9,81.0,0.0,5.9,30.7,0.131
2023-06-03,2023-06-03,24.0,80.0,0.0,3.6,30.2,0.131
2023-06-04,2023-06-04,24.1,77.0,0.0,11.2,30.1,0.13
2023-06-05,2023-06-05,23.6,76.0,0.0,3.9,30.5,0.127
2023-06-06,2023-06-06,25.8,72.0,0.0,2.9,31.8,0.125
2023-06-07,2023-06-07,23.1,92.0,0.0,5.4,30.7,0.123
2023-06-08,2023-06-08,23.7,91.0,0.0,5.2,28.8,0.129
2023-06-09,2023-06-09,23.8,88.0,0.1,9.0,28.1,0.129
2023-06-10,2023-06-10,23.9,86.0,0.2,4.5,27.1,0.15
2023-06-11,2023-06-11,23.1,89.0,0.1,10.4,26.2,0.237
2023-06-12,2023-06-12,22.2,91.0,0.0,5.9,25.2,0.318
2023-06-13,2023-06-13,22.7,92.0,0.0,6.4,25.9,0.313
2023-06-14,2023-06-14,21.9,94.0,0.0,6.1,25.7,0.398
2023-06-15,2023-06-15,21.7,97.0,0.0,1.1,25.2,0.37
2023-06-16,2023-06-16,21.9,94.0,0.0,1.8,25.6,0.36
2023-06-17,2023-06-17,22.1,93.0,0.0,2.2,24.9,0.352
2023-06-18,2023-06-18,21.9,94.0,0.0,2.7,25.1,0.341
2023-06-19,2023-06-19,22.5,90.0,0.0,8.0,25.6,0.33
2023-06-20,2023-06-20,22.4,88.0,0.0,8.6,25.1,0.323
2023-06-21,2023-06-21,23.0,91.0,0.0,5.0,25.8,0.31
2023-06-22,2023-06-22,22.4,94.0,0.0,6.1,25.8,0.301
2023-06-23,2023-06-23,22.7,93.0,1.5,5.9,25.5,0.301
2023-06-24,2023-06-24,22.2,93.0,0.0,1.1,24.7,0.35
2023-06-25,2023-06-25,22.1,91.0,0.1,6.9,25.2,0.337
2023-06-26,2023-06-26,22.6,97.0,0.1,4.4,25.6,0.335
2023-06-27,2023-06-27,22.9,92.0,0.0,1.9,25.4,0.344
2023-06-28,2023-06-28,22.8,93.0,0.1,5.7,25.2,0.369
2023-06-29,2023-06-29,23.2,90.0,0.0,2.6,25.7,0.358
2023-06-30,2023-06-30,23.1,89.0,0.0,3.0,26.3,0.342
2023-07-01,2023-07-01,23.8,91.0,0.0,5.9,26.2,0.327
2023-07-02,2023-07-02,24.1,87.0,0.0,6.8,26.5,0.311
2023-07-03,2023-07-03,24.1,92.0,0.0,4.3,27.0,0.292
2023-07-04,2023-07-04,23.8,87.0,0.0,7.4,27.2,0.278
2023-07-05,2023-07-05,23.0,94.0,0.0,5.4,26.7,0.266
2023-07-06,2023-07-06,23.4,92.0,0.0,5.5,26.0,0.308
2023-07-07,2023-07-07,23.0,92.0,0.0,2.8,25.2,0.333
2023-07-08,2023-07-08,23.2,95.0,0.1,3.6,25.7,0.334
2023-07-09,2023-07-09,24.2,91.0,0.0,3.8,26.3,0.33
2023-07-10,2023-07-10,23.4,93.0,0.0,7.5,26.1,0.325
2023-07-11,2023-07-11,22.8,94.0,0.0,6.7,25.4,0.375
2023-07-12,2023-07-12,23.2,92.0,0.0,5.1,25.9,0.359
2023-07-13,2023-07-13,23.2,91.0,0.2,7.3,25.9,0.352
2023-07-14,2023-07-14,22.8,94.0,0.9,4.3,25.3,0.355
2023-07-15,2023-07-15,22.4,90.0,0.0,4.9,25.7,0.357
2023-07-16,2023-07-16,22.7,92.0,0.0,4.1,25.8,0.341
2023-07-17,2023-07-17,22.4,94.0,0.1,2.8,25.1,0.338
2023-07-18,2023-07-18,22.7,90.0,0.0,3.1,25.4,0.339
2023-07-19,2023-07-19,23.9,85.0,0.0,2.8,26.7,0.322
2023-07-20,2023-07-20,24.5,89.0,0.0,6.6,27.4,0.305
2023-07-21,2023-07-21,23.0,93.0,0.0,7.3,26.9,0.32
2023-07-22,2023-07-22,22.8,94.0,0.0,12.4,26.7,0.327
2023-07-23,2023-07-23,23.5,85.0,0.0,9.6,26.5,0.317
2023-07-24,2023-07-24,22.8,94.0,0.0,8.7,26.6,0.306
2023-07-25,2023-07-25,23.5,89.0,1.2,4.1,26.2,0.305
2023-07-26,2023-07-26,22.6,92.0,0.0,3.7,26.1,0.328
2023-07-27,2023-07-27,23.2,94.0,0.0,1.3,26.3,0.328
2023-07-28,2023-07-28,23.3,93.0,0.1,10.1,26.5,0.318
2023-07-29,2023-07-29,23.1,93.0,0.0,8.1,26.1,0.32
2023-07-30,2023-07-30,22.7,98.0,0.0,4.9,26.0,0.338
2023-07-31,2023-07-31,23.1,94.0,0.0,10.0,26.5,0.335
2023-08-01,2023-08-01,23.6,92.0,0.1,12.7,26.4,0.322
2023-08-02,2023-08-02,22.6,93.0,0.2,14.6,25.9,0.34
2023-08-03,2023-08-03,22.8,99.0,0.0,2.1,25.4,0.38
2023-08-04,2023-08-04,23.3,93.0,0.0,6.9,25.6,0.384
2023-08-05,2023-08-05,23.4,94.0,0.0,1.9,25.4,0.396
2023-08-06,2023-08-06,23.1,88.0,0.0,9.0,25.9,0.376
2023-08-07,2023-08-07,22.8,90.0,0.1,6.9,25.4,0.367
2023-08-08,2023-08-08,22.9,97.0,0.0,4.9,25.1,0.385
2023-08-09,2023-08-09,23.0,93.0,0.0,1.5,24.8,0.408
2023-08-10,2023-08-10,23.3,94.0,0.1,6.7,25.6,0.384
2023-08-11,2023-08-11,23.2,94.0,0.0,8.4,25.6,0.375
2023-08-12,2023-08-12,23.2,91.0,0.0,7.4,25.8,0.361
2023-08-13,2023-08-13,22.9,92.0,0.3,9.0,25.5,0.363
2023-08-14,2023-08-14,23.2,93.0,0.0,4.2,26.1,0.359
2023-08-15,2023-08-15,23.9,93.0,0.0,7.1,26.2,0.348
2023-08-16,2023-08-16,23.1,94.0,0.0,5.8,26.2,0.375
2023-08-17,2023-08-17,22.9,98.0,0.2,5.0,25.9,0.372
2023-08-18,2023-08-18,23.5,93.0,0.0,8.4,26.2,0.359
2023-08-19,2023-08-19,23.4,90.0,0.0,6.0,26.2,0.345
2023-08-20,2023-08-20,23.4,92.0,0.0,8.3,26.4,0.335
2023-08-21,2023-08-21,23.6,94.0,0.1,9.7,25.8,0.326
2023-08-22,2023-08-22,23.3,89.0,1.0,9.5,25.7,0.322
2023-08-23,2023-08-23,21.7,95.0,0.1,6.9,24.1,0.355
2023-08-24,2023-08-24,22.2,95.0,0.0,8.2,25.1,0.354
2023-08-25,2023-08-25,22.8,96.0,0.0,5.1,25.0,0.365
2023-08-26,2023-08-26,22.8,95.0,1.5,7.2,25.1,0.393
2023-08-27,2023-08-27,22.3,91.0,0.0,13.1,24.5,0.406
2023-08-28,2023-08-28,22.3,93.0,0.0,8.0,25.0,0.388
2023-08-29,2023-08-29,21.4,95.0,0.0,5.7,25.1,0.374
2023-08-30,2023-08-30,22.0,94.0,0.0,6.1,25.6,0.357
2023-08-31,2023-08-31,22.4,96.0,0.1,3.7,25.8,0.378
2023-09-01,2023-09-01,23.0,95.0,0.0,6.3,25.6,0.365
2023-09-02,2023-09-02,23.0,94.0,0.0,8.7,25.8,0.356
2023-09-03,2023-09-03,21.4,98.0,0.0,5.9,25.3,0.344
2023-09-04,2023-09-04,20.7,91.0,0.0,11.7,25.4,0.328
2023-09-05,2023-09-05,21.5,86.0,0.0,10.5,25.8,0.313
2023-09-06,2023-09-06,21.5,87.0,0.0,9.5,25.9,0.299
2023-09-07,2023-09-07,22.7,94.0,0.9,4.7,26.1,0.285
2023-09-08,2023-09-08,22.4,96.0,0.1,4.7,25.6,0.281
2023-09-09,2023-09-09,22.2,95.0,0.0,7.4,24.9,0.332
2023-09-10,2023-09-10,22.8,94.0,0.0,5.4,25.7,0.327
2023-09-11,2023-09-11,22.6,95.0,0.0,7.6,25.5,0.328
2023-09-12,2023-09-12,22.2,95.0,0.0,4.1,25.8,0.325
2023-09-13,2023-09-13,22.2,97.0,0.0,11.4,25.8,0.319
2023-09-14,2023-09-14,22.1,96.0,0.6,17.0,25.1,0.351
2023-09-15,2023-09-15,21.2,95.0,0.0,5.2,25.0,0.355
2023-09-16,2023-09-16,22.2,96.0,0.0,3.6,25.7,0.347
2023-09-17,2023-09-17,22.6,93.0,0.0,6.0,26.0,0.335
2023-09-18,2023-09-18,22.9,92.0,1.5,7.1,26.1,0.322
2023-09-19,2023-09-19,22.1,93.0,3.5,9.7,24.9,0.361
2023-09-20,2023-09-20,22.6,93.0,0.0,6.8,24.8,0.39
2023-09-21,2023-09-21,22.0,94.0,0.1,3.9,24.4,0.41
2023-09-22,2023-09-22,21.4,95.0,0.0,5.5,24.3,0.409
2023-09-23,2023-09-23,22.1,96.0,0.0,4.9,24.9,0.397
2023-09-24,2023-09-24,21.2,96.0,0.0,10.6,24.8,0.379
2023-09-25,2023-09-25,22.0,96.0,0.0,3.0,24.8,0.37
2023-09-26,2023-09-26,21.4,97.0,0.0,2.8,24.8,0.353
2023-09-27,2023-09-27,21.7,95.0,0.0,6.5,24.8,0.341
2023-09-28,2023-09-28,22.1,95.0,0.0,4.4,25.0,0.331
2023-09-29,2023-09-29,22.5,88.0,0.0,17.3,25.5,0.318
2023-09-30,2023-09-30,22.3,93.0,1.8,15.7,25.4,0.319
2023-10-01,2023-10-01,21.8,98.0,0.1,10.2,25.0,0.344
2023-10-02,2023-10-02,21.6,96.0,0.0,6.7,24.9,0.346
2023-10-03,2023-10-03,22.4,92.0,0.2,0.4,25.1,0.342
2023-10-04,2023-10-04,21.6,96.0,0.0,2.5,25.0,0.338
2023-10-05,2023-10-05,21.3,98.0,0.0,4.0,25.1,0.329
2023-10-06,2023-10-06,20.4,94.0,1.0,8.0,25.1,0.321
2023-10-07,2023-10-07,21.3,97.0,0.1,4.9,23.5,0.345
2023-10-08,2023-10-08,20.7,99.0,0.0,7.0,23.9,0.354
2023-10-09,2023-10-09,21.1,93.0,0.0,5.8,24.3,0.344
2023-10-10,2023-10-10,20.6,95.0,0.0,3.1,24.2,0.332
2023-10-11,2023-10-11,20.4,98.0,0.0,0.8,24.2,0.324
2023-10-12,2023-10-12,20.6,94.0,0.0,4.5,24.3,0.314
2023-10-13,2023-10-13,20.3,94.0,0.0,11.3,23.5,0.33
2023-10-14,2023-10-14,19.1,91.0,0.0,5.2,23.2,0.326
2023-10-15,2023-10-15,18.2,90.0,0.0,1.5,22.9,0.318
2023-10-16,2023-10-16,17.4,96.0,0.0,8.3,22.9,0.309
2023-10-17,2023-10-17,17.2,95.0,0.0,6.2,23.0,0.301
2023-10-18,2023-10-18,18.5,85.0,0.0,3.8,22.8,0.295
2023-10-19,2023-10-19,17.5,88.0,0.0,1.6,22.5,0.286
2023-10-20,2023-10-20,16.1,94.0,0.0,2.9,22.3,0.281
2023-10-21,2023-10-21,16.5,77.0,0.0,5.5,21.8,0.275
2023-10-22,2023-10-22,17.6,87.0,0.0,6.3,22.1,0.269
2023-10-23,2023-10-23,20.1,80.0,0.0,7.9,22.7,0.264
2023-10-24,2023-10-24,19.0,95.0,0.2,4.7,22.2,0.262
2023-10-25,2023-10-25,18.4,94.0,0.0,6.8,21.1,0.263
2023-10-26,2023-10-26,18.4,96.0,0.0,6.7,21.0,0.277
2023-10-27,2023-10-27,17.1,98.0,0.0,3.3,21.6,0.283
2023-10-28,2023-10-28,16.6,93.0,0.0,1.5,21.6,0.281
2023-10-29,2023-10-29,16.0,87.0,0.0,4.5,21.3,0.276
2023-10-30,2023-10-30,14.8,87.0,0.0,7.4,20.9,0.27
2023-10-31,2023-10-31,16.3,83.0,0.0,5.6,21.0,0.263
2023-11-01,2023-11-01,17.0,81.0,0.0,5.5,21.4,0.256
2023-11-02,2023-11-02,16.0,92.0,0.0,4.3,21.7,0.249
2023-11-03,2023-11-03,14.5,87.0,0.0,2.3,21.3,0.243
2023-11-04,2023-11-04,15.4,89.0,0.0,2.3,21.2,0.24
2023-11-05,2023-11-05,13.6,95.0,0.0,3.0,21.0,0.233
2023-11-06,2023-11-06,14.4,85.0,0.0,6.3,20.6,0.229
2023-11-07,2023-11-07,15.2,75.0,0.0,4.2,20.5,0.223
2023-11-08,2023-11-08,15.2,84.0,0.0,1.6,20.3,0.218
2023-11-09,2023-11-09,13.3,90.0,0.0,3.7,20.3,0.213
2023-11-10,2023-11-10,14.0,82.0,0.0,5.5,20.0,0.208
2023-11-11,2023-11-11,13.1,80.0,0.0,5.9,19.9,0.204
2023-11-12,2023-11-12,15.1,72.0,0.0,4.1,20.2,0.202
2023-11-13,2023-11-13,14.2,77.0,0.0,4.8,20.0,0.197
2023-11-14,2023-11-14,14.2,76.0,0.0,4.6,19.8,0.195
2023-11-15,2023-11-15,14.7,88.0,0.0,4.9,20.4,0.188
2023-11-16,2023-11-16,17.3,91.0,0.0,9.2,21.4,0.186
2023-11-17,2023-11-17,18.3,96.0,1.6,6.7,20.9,0.185
2023-11-18,2023-11-18,17.0,92.0,0.3,5.2,19.2,0.361
2023-11-19,2023-11-19,14.3,99.0,0.0,3.3,19.3,0.356
2023-11-20,2023-11-20,13.3,99.0,0.0,6.8,19.1,0.347
2023-11-21,2023-11-21,14.4,92.0,0.0,3.0,19.2,0.337
2023-11-22,2023-11-22,13.7,98.0,0.0,4.0,18.4,0.333
2023-11-23,2023-11-23,12.6,98.0,0.0,6.0,18.1,0.324
2023-11-24,2023-11-24,10.2,88.0,0.0,9.2,17.8,0.318
2023-11-25,2023-11-25,11.7,67.0,0.0,7.8,17.5,0.307
2023-11-26,2023-11-26,10.6,75.0,0.0,7.3,17.0,0.304
2023-11-27,2023-11-27,11.4,86.0,0.0,5.4,16.5,0.298
2023-11-28,2023-11-28,13.4,72.0,0.0,6.2,16.6,0.29
2023-11-29,2023-11-29,12.7,79.0,0.0,5.2,16.7,0.281
2023-11-30,2023-11-30,13.3,77.0,0.0,4.0,16.9,0.275
2023-12-01,2023-12-01,11.3,93.0,0.0,6.6,17.3,0.272
2023-12-02,2023-12-02,12.3,91.0,0.0,5.2,17.3,0.269
2023-12-03,2023-12-03,14.2,83.0,0.0,3.7,17.6,0.26
2023-12-04,2023-12-04,11.3,90.0,0.0,9.3,17.7,0.255
2023-12-05,2023-12-05,16.3,86.0,0.0,1.0,18.6,0.248
2023-12-06,2023-12-06,12.7,96.0,0.0,5.1,18.0,0.245
2023-12-07,2023-12-07,16.7,94.0,2.5,7.2,18.7,0.242
2023-12-08,2023-12-08,16.0,94.0,0.3,2.5,17.9,0.348
2023-12-09,2023-12-09,15.3,98.0,0.1,1.1,18.2,0.413
2023-12-10,2023-12-10,15.0,97.0,0.0,4.2,18.1,0.398
2023-12-11,2023-12-11,12.0,93.0,0.0,4.8,17.5,0.378
2023-12-12,2023-12-12,10.2,93.0,0.0,5.9,16.9,0.366
2023-12-13,2023-12-13,12.6,83.0,0.0,7.9,16.6,0.356
2023-12-14,2023-12-14,11.0,99.0,0.0,8.0,16.9,0.346
2023-12-15,2023-12-15,8.9,80.0,0.0,3.4,15.7,0.336
2023-12-16,2023-12-16,8.0,82.0,0.0,6.6,15.0,0.334
2023-12-17,2023-12-17,10.1,77.0,0.0,6.4,14.8,0.33
2023-12-18,2023-12-18,10.6,79.0,0.0,3.9,14.7,0.323
2023-12-19,2023-12-19,10.5,72.0,0.0,5.4,14.7,0.317
2023-12-20,2023-12-20,9.9,75.0,0.0,5.6,14.5,0.308
2023-12-21,2023-12-21,7.5,89.0,0.0,8.2,14.5,0.302
2023-12-22,2023-12-22,8.1,86.0,0.0,7.6,14.2,0.294
2023-12-23,2023-12-23,8.0,89.0,0.0,11.0,14.3,0.288
2023-12-24,2023-12-24,9.6,90.0,0.0,9.3,14.9,0.28
2023-12-25,2023-12-25,13.4,91.0,0.1,2.6,15.9,0.28
2023-12-26,2023-12-26,10.1,98.0,0.0,7.5,15.8,0.321
2023-12-27,2023-12-27,9.8,94.0,0.0,5.9,15.4,0.319
2023-12-28,2023-12-28,9.3,92.0,0.0,7.1,15.1,0.314
2023-12-29,2023-12-29,10.2,92.0,0.0,6.4,15.3,0.31
2023-12-30,2023-12-30,10.2,83.0,0.0,7.3,15.0,0.307
2023-12-31,2023-12-31,9.7,88.0,0.0,6.4,14.6,0.306
2024-01-01,2024-01-01,10.5,79.0,0.0,1.8,14.1,0.304
2024-01-02,2024-01-02,10.0,87.0,0.0,4.1,14.2,0.299
2024-01-03,2024-01-03,10.2,78.0,0.0,4.2,14.1,0.294
2024-01-04,2024-01-04,10.0,84.0,0.0,2.3,14.0,0.287
2024-01-05,2024-01-05,9.9,86.0,0.0,1.8,13.6,0.282
2024-01-06,2024-01-06,10.1,72.0,0.0,4.6,13.5,0.28
2024-01-07,2024-01-07,10.6,73.0,0.0,1.5,13.5,0.278
2024-01-08,2024-01-08,9.9,77.0,0.0,1.1,13.3,0.275
2024-01-09,2024-01-09,9.1,80.0,0.0,2.1,13.4,0.273
2024-01-10,2024-01-10,8.0,81.0,0.0,3.4,13.2,0.271
2024-01-11,2024-01-11,9.3,84.0,0.0,0.4,13.3,0.267
2024-01-12,2024-01-12,8.9,83.0,0.0,2.4,13.2,0.265
2024-01-13,2024-01-13,7.2,90.0,0.0,7.3,13.2,0.262
2024-01-14,2024-01-14,6.5,89.0,0.0,10.9,12.9,0.257
2024-01-15,2024-01-15,7.1,87.0,0.0,9.0,13.2,0.253
2024-01-16,2024-01-16,10.1,81.0,0.0,3.5,13.4,0.251
2024-01-17,2024-01-17,9.2,95.0,0.0,1.5,13.9,0.243
2024-01-18,2024-01-18,7.9,88.0,0.0,1.1,13.6,0.24
2024-01-19,2024-01-19,8.4,67.0,0.0,2.3,13.2,0.234
2024-01-20,2024-01-20,8.4,76.0,0.0,2.6,13.1,0.237
2024-01-21,2024-01-21,8.9,71.0,0.0,1.0,12.8,0.237
2024-01-22,2024-01-22,7.7,70.0,0.0,1.3,12.8,0.234
2024-01-23,2024-01-23,6.9,73.0,0.0,5.6,12.8,0.23
2024-01-24,2024-01-24,6.1,89.0,0.0,6.2,13.1,0.228
2024-01-25,2024-01-25,11.2,86.0,0.0,7.2,14.5,0.225
2024-01-26,2024-01-26,8.9,77.0,0.0,2.9,14.0,0.221
2024-01-27,2024-01-27,10.0,90.0,0.0,2.5,14.0,0.216
2024-01-28,2024-01-28,8.8,68.0,0.0,4.3,13.8,0.211
2024-01-29,2024-01-29,8.8,58.0,0.0,6.5,13.4,0.21
2024-01-30,2024-01-30,8.6,75.0,0.0,2.2,13.5,0.214
2024-01-31,2024-01-31,6.5,89.0,0.0,5.0,13.6,0.211
2024-02-01,2024-02-01,10.0,79.0,0.0,2.8,13.8,0.212
2024-02-02,2024-02-02,10.5,95.0,0.0,4.9,14.7,0.213
2024-02-03,2024-02-03,10.5,97.0,0.0,2.7,15.0,0.214
2024-02-04,2024-02-04,9.5,77.0,0.0,2.6,14.2,0.212
2024-02-05,2024-02-05,8.6,89.0,0.0,8.6,14.5,0.212
2024-02-06,2024-02-06,12.5,80.0,0.0,6.4,14.9,0.211
2024-02-07,2024-02-07,14.0,93.0,1.5,4.4,15.9,0.211
2024-02-08,2024-02-08,10.9,99.0,0.0,0.8,15.3,0.208
2024-02-09,2024-02-09,7.0,81.0,0.0,1.5,14.4,0.205
2024-02-10,2024-02-10,9.2,71.0,0.0,6.5,14.0,0.203
2024-02-11,2024-02-11,9.8,73.0,0.0,5.6,14.4,0.203
2024-02-12,2024-02-12,11.4,76.0,0.0,0.4,15.0,0.2
2024-02-13,2024-02-13,10.5,79.0,0.0,4.7,15.2,0.197
2024-02-14,2024-02-14,10.5,76.0,0.0,2.3,15.3,0.192
2024-02-15,2024-02-15,13.0,75.0,0.0,1.0,15.9,0.193
2024-02-16,2024-02-16,12.7,82.0,0.0,1.6,16.4,0.189
2024-02-17,2024-02-17,10.6,80.0,0.0,3.0,16.5,0.188
2024-02-18,2024-02-18,11.7,88.0,0.0,2.2,16.5,0.183
2024-02-19,2024-02-19,10.6,73.0,0.0,4.0,16.3,0.18
2024-02-20,2024-02-20,9.6,82.0,0.0,4.1,16.1,0.178
2024-02-21,2024-02-21,11.1,89.0,0.0,6.1,16.6,0.179
2024-02-22,2024-02-22,13.0,97.0,0.0,7.1,17.5,0.179
2024-02-23,2024-02-23,14.8,97.0,1.9,3.4,17.6,0.18
2024-02-24,2024-02-24,12.5,99.0,0.0,4.0,16.3,0.2
2024-02-25,2024-02-25,9.5,85.0,0.0,4.3,16.0,0.208
2024-02-26,2024-02-26,8.6,90.0,0.0,2.9,15.4,0.212
2024-02-27,2024-02-27,11.8,69.0,0.0,2.9,15.8,0.212
2024-02-28,2024-02-28,9.4,79.0,0.0,4.7,15.9,0.208
2024-02-29,2024-02-29,10.4,83.0,0.0,2.2,16.0,0.204
2024-03-01,2024-03-01,11.6,79.0,0.0,0.7,16.3,0.2
2024-03-02,2024-03-02,11.6,80.0,0.0,2.1,16.4,0.197
2024-03-03,2024-03-03,11.8,77.0,0.0,1.5,16.7,0.196
2024-03-04,2024-03-04,11.6,90.0,0.0,3.5,17.4,0.191
2024-03-05,2024-03-05,11.8,94.0,0.0,2.2,17.4,0.191
2024-03-06,2024-03-06,8.9,88.0,0.0,6.6,17.0,0.185
2024-03-07,2024-03-07,9.5,80.0,0.0,4.5,17.0,0.181
2024-03-08,2024-03-08,9.5,69.0,0.0,5.4,17.0,0.177
2024-03-09,2024-03-09,10.2,77.0,0.0,5.6,17.1,0.178
2024-03-10,2024-03-10,12.4,61.0,0.0,1.8,17.3,0.176
2024-03-11,2024-03-11,13.1,80.0,0.0,3.9,17.8,0.176
2024-03-12,2024-03-12,13.5,77.0,0.0,4.2,18.5,0.175
2024-03-13,2024-03-13,13.1,83.0,0.0,2.1,18.8,0.175
2024-03-14,2024-03-14,12.7,86.0,0.0,3.6,18.9,0.174
2024-03-15,2024-03-15,15.7,91.0,0.0,4.3,19.4,0.168
2024-03-16,2024-03-16,14.3,75.0,0.0,1.5,19.4,0.166
2024-03-17,2024-03-17,15.8,62.0,0.0,4.0,19.8,0.162
2024-03-18,2024-03-18,15.4,65.0,0.0,2.3,19.8,0.163
2024-03-19,2024-03-19,14.3,75.0,0.0,2.9,19.9,0.162
2024-03-20,2024-03-20,16.0,87.0,0.0,8.9,20.4,0.164
2024-03-21,2024-03-21,13.8,89.0,0.0,2.6,19.9,0.163
2024-03-22,2024-03-22,12.1,98.0,0.0,8.0,18.1,0.161
2024-03-23,2024-03-23,12.1,92.0,0.0,1.8,18.1,0.16
2024-03-24,2024-03-24,14.2,87.0,0.0,1.6,19.0,0.157
2024-03-25,2024-03-25,15.1,84.0,0.0,6.8,19.8,0.158
2024-03-26,2024-03-26,16.3,76.0,0.0,3.1,20.2,0.156
2024-03-27,2024-03-27,15.1,78.0,0.0,1.4,20.9,0.159
2024-03-28,2024-03-28,13.8,90.0,0.0,7.6,20.7,0.164
2024-03-29,2024-03-29,15.3,84.0,0.0,3.1,20.9,0.165
2024-03-30,2024-03-30,15.9,89.0,0.0,5.7,21.3,0.167
2024-03-31,2024-03-31,18.9,91.0,0.0,0.0,21.6,0.165
2024-04-01,2024-04-01,16.4,98.0,0.0,7.0,21.1,0.167
2024-04-02,2024-04-02,17.8,92.0,0.0,5.0,21.9,0.165
2024-04-03,2024-04-03,16.5,97.0,0.0,7.6,21.9,0.162
2024-04-04,2024-04-04,17.5,93.0,0.0,6.1,22.4,0.16
2024-04-05,2024-04-05,18.2,97.0,0.0,4.9,22.9,0.16
2024-04-06,2024-04-06,18.6,99.0,0.0,7.0,23.8,0.159
2024-04-07,2024-04-07,18.7,95.0,0.0,2.4,24.2,0.156
2024-04-08,2024-04-08,17.9,86.0,0.0,10.2,23.8,0.16
2024-04-09,2024-04-09,17.4,91.0,0.0,1.5,23.6,0.159
2024-04-10,2024-04-10,17.1,77.0,0.0,3.2,23.6,0.158
2024-04-11,2024-04-11,16.2,67.0,0.0,3.5,22.7,0.161
2024-04-12,2024-04-12,20.7,54.0,0.0,5.4,23.6,0.163
2024-04-13,2024-04-13,18.9,65.0,0.0,4.3,23.9,0.165
2024-04-14,2024-04-14,18.1,70.0,0.0,2.3,24.0,0.165
2024-04-15,2024-04-15,17.7,76.0,0.0,2.4,24.1,0.171
2024-04-16,2024-04-16,19.3,81.0,0.0,4.0,24.5,0.167
2024-04-17,2024-04-17,19.5,90.0,0.0,4.9,24.8,0.167
2024-04-18,2024-04-18,19.6,93.0,0.0,4.2,24.6,0.173
2024-04-19,2024-04-19,19.2,91.0,0.0,3.9,24.2,0.174
2024-04-20,2024-04-20,19.5,93.0,0.2,5.3,24.2,0.174
2024-04-21,2024-04-21,19.5,96.0,0.1,3.8,24.4,0.171
2024-04-22,2024-04-22,20.0,89.0,0.2,2.2,24.7,0.172
2024-04-23,2024-04-23,19.9,97.0,0.0,3.8,24.1,0.189
2024-04-24,2024-04-24,19.7,78.0,0.0,9.5,23.9,0.184
2024-04-25,2024-04-25,19.3,87.0,0.0,4.7,23.9,0.18
2024-04-26,2024-04-26,19.1,66.0,0.0,8.4,24.4,0.175
2024-04-27,2024-04-27,19.4,78.0,0.0,4.7,24.8,0.168
2024-04-28,2024-04-28,21.0,89.0,0.0,4.7,25.9,0.164
2024-04-29,2024-04-29,21.0,88.0,0.0,7.2,26.1,0.162
2024-04-30,2024-04-30,20.6,97.0,0.0,6.6,26.2,0.162
2024-05-01,2024-05-01,20.3,85.0,0.1,6.9,26.2,0.16
2024-05-02,2024-05-02,20.1,97.0,0.0,8.4,25.8,0.154
2024-05-03,2024-05-03,17.1,91.0,0.0,10.1,22.3,0.176
2024-05-04,2024-05-04,19.7,83.0,0.0,2.1,24.3,0.154
2024-05-05,2024-05-05,19.4,92.0,0.7,7.4,25.1,0.156
2024-05-06,2024-05-06,18.7,97.0,0.0,3.7,24.1,0.168
2024-05-07,2024-05-07,18.9,91.0,0.0,6.0,24.1,0.161
2024-05-08,2024-05-08,18.8,86.0,0.0,1.9,24.4,0.163
2024-05-09,2024-05-09,20.3,95.0,0.0,4.9,24.6,0.163
2024-05-10,2024-05-10,19.9,81.0,0.0,2.2,24.5,0.16
2024-05-11,2024-05-11,19.4,94.0,0.0,0.7,24.3,0.162
2024-05-12,2024-05-12,19.0,92.0,0.0,3.6,24.2,0.163
2024-05-13,2024-05-13,20.0,87.0,0.0,4.2,25.3,0.161
2024-05-14,2024-05-14,21.3,90.0,0.0,0.7,26.0,0.159
2024-05-15,2024-05-15,22.4,87.0,0.0,3.1,26.8,0.158
2024-05-16,2024-05-16,22.6,88.0,0.0,4.7,27.5,0.154
2024-05-17,2024-05-17,23.6,87.0,0.0,1.6,28.4,0.152
2024-05-18,2024-05-18,23.5,84.0,0.0,3.2,28.7,0.151
2024-05-19,2024-05-19,21.1,83.0,0.0,4.7,26.4,0.15
2024-05-20,2024-05-20,21.9,90.0,0.0,9.4,26.0,0.15
2024-05-21,2024-05-21,22.0,85.0,0.0,7.6,27.1,0.151
2024-05-22,2024-05-22,21.5,83.0,0.0,3.6,26.9,0.151
2024-05-23,2024-05-23,23.1,76.0,0.0,5.4,27.7,0.151
2024-05-24,2024-05-24,24.4,70.0,0.0,0.8,28.9,0.152
2024-05-25,2024-05-25,24.1,77.0,0.0,3.5,29.3,0.149
2024-05-26,2024-05-26,24.3,84.0,0.0,3.2,27.5,0.189
2024-05-27,2024-05-27,22.8,95.0,1.6,12.8,26.0,0.254
2024-05-28,2024-05-28,22.6,95.0,4.0,3.9,25.1,0.359
2024-05-29,2024-05-29,22.2,93.0,1.5,1.6,23.7,0.432
2024-05-30,2024-05-30,22.3,91.0,0.0,1.1,24.8,0.396
2024-05-31,2024-05-31,22.3,96.0,0.0,1.5,25.6,0.377
2024-06-01,2024-06-01,22.8,89.0,0.0,5.1,25.8,0.359
2024-06-02,2024-06-02,21.9,87.0,0.0,5.4,25.6,0.339
2024-06-03,2024-06-03,22.0,84.0,0.0,6.8,25.8,0.322
2024-06-04,2024-06-04,22.0,91.0,0.4,5.4,25.7,0.316
2024-06-05,2024-06-05,22.0,91.0,0.0,5.5,25.4,0.311
2024-06-06,2024-06-06,21.6,83.0,0.0,2.5,25.7,0.298
2024-06-07,2024-06-07,22.5,90.0,0.3,4.4,26.2,0.285
2024-06-08,2024-06-08,22.0,95.0,0.0,0.0,25.6,0.279
2024-06-09,2024-06-09,22.0,93.0,0.0,3.9,25.8,0.264
2024-06-10,2024-06-10,23.0,92.0,0.0,4.6,25.7,0.262
2024-06-11,2024-06-11,23.4,88.0,0.0,5.4,26.6,0.252
2024-06-12,2024-06-12,22.9,91.0,0.3,13.9,27.2,0.241
2024-06-13,2024-06-13,22.7,92.0,0.0,4.8,26.0,0.243
2024-06-14,2024-06-14,22.7,89.0,0.0,7.7,25.6,0.248
2024-06-15,2024-06-15,22.7,88.0,0.3,9.7,26.0,0.25
2024-06-16,2024-06-16,23.1,86.0,0.0,4.9,26.2,0.251
2024-06-17,2024-06-17,23.1,92.0,0.1,10.0,26.0,0.252
2024-06-18,2024-06-18,22.4,93.0,0.5,12.5,24.8,0.263
2024-06-19,2024-06-19,21.6,95.0,0.2,3.0,23.9,0.288
2024-06-20,2024-06-20,21.9,93.0,0.0,10.2,23.8,0.308
2024-06-21,2024-06-21,22.7,95.0,0.0,4.0,25.0,0.313
2024-06-22,2024-06-22,22.8,97.0,0.0,3.2,25.7,0.315
2024-06-23,2024-06-23,22.9,96.0,0.0,5.6,25.6,0.329
2024-06-24,2024-06-24,23.5,90.0,0.0,8.4,26.0,0.329
2024-06-25,2024-06-25,23.3,91.0,0.1,6.3,25.7,0.338
2024-06-26,2024-06-26,23.3,97.0,0.0,5.2,25.8,0.344
2024-06-27,2024-06-27,23.4,91.0,1.0,4.7,26.1,0.346
2024-06-28,2024-06-28,22.9,95.0,0.5,8.6,25.3,0.421
2024-06-29,2024-06-29,22.7,96.0,0.0,5.9,25.1,0.406
2024-06-30,2024-06-30,22.7,94.0,0.0,1.1,24.8,0.408
2024-07-01,2024-07-01,22.7,92.0,4.5,14.4,24.8,0.435
2024-07-02,2024-07-02,22.1,93.0,0.5,5.8,23.9,0.43
2024-07-03,2024-07-03,22.5,95.0,0.1,0.8,23.9,0.424
2024-07-04,2024-07-04,22.3,98.0,0.1,2.4,24.4,0.421
2024-07-05,2024-07-05,23.0,92.0,0.0,7.3,24.8,0.416
2024-07-06,2024-07-06,22.4,93.0,0.1,7.8,24.7,0.427
2024-07-07,2024-07-07,22.7,96.0,0.0,1.3,25.0,0.43
2024-07-08,2024-07-08,22.8,92.0,0.0,8.4,25.0,0.428
2024-07-09,2024-07-09,22.5,92.0,0.1,4.3,25.3,0.417
2024-07-10,2024-07-10,23.1,95.0,0.1,7.3,25.4,0.404
2024-07-11,2024-07-11,22.9,93.0,0.0,6.1,25.0,0.404
2024-07-12,2024-07-12,22.7,92.0,0.1,7.0,25.4,0.387
2024-07-13,2024-07-13,22.6,92.0,0.0,6.2,25.0,0.417
2024-07-14,2024-07-14,23.2,99.0,0.2,2.6,25.6,0.413
2024-07-15,2024-07-15,23.7,90.0,0.0,6.1,26.2,0.403
2024-07-16,2024-07-16,23.5,94.0,0.2,4.8,26.0,0.389
2024-07-17,2024-07-17,23.5,95.0,0.0,1.8,26.2,0.377
2024-07-18,2024-07-18,23.7,97.0,0.2,11.3,26.4,0.374
2024-07-19,2024-07-19,23.2,97.0,0.0,10.3,26.4,0.389
2024-07-20,2024-07-20,23.7,93.0,0.0,5.4,26.5,0.378
2024-07-21,2024-07-21,23.8,94.0,0.0,2.6,26.4,0.385
2024-07-22,2024-07-22,23.1,96.0,2.0,6.4,25.7,0.425
2024-07-23,2024-07-23,23.0,92.0,0.0,3.8,25.0,0.42
2024-07-24,2024-07-24,22.6,98.0,0.0,5.4,25.3,0.405
2024-07-25,2024-07-25,23.6,96.0,0.1,10.2,26.0,0.399
2024-07-26,2024-07-26,24.0,89.0,0.1,11.2,26.2,0.392
2024-07-27,2024-07-27,24.2,86.0,0.0,13.9,26.3,0.38
2024-07-28,2024-07-28,23.6,95.0,0.0,4.9,26.4,0.364
2024-07-29,2024-07-29,23.7,93.0,0.0,3.1,26.6,0.351
2024-07-30,2024-07-30,23.1,94.0,6.0,11.2,26.4,0.439
2024-07-31,2024-07-31,22.4,96.0,0.6,4.0,24.8,0.424
2024-08-01,2024-08-01,22.3,96.0,0.1,7.0,24.6,0.412
2024-08-02,2024-08-02,22.4,96.0,0.0,4.3,24.5,0.43
2024-08-03,2024-08-03,21.9,96.0,0.0,2.7,24.3,0.422
2024-08-04,2024-08-04,22.8,92.0,0.1,7.9,25.2,0.405
2024-08-05,2024-08-05,22.7,94.0,1.9,9.1,25.0,0.43
2024-08-06,2024-08-06,22.3,96.0,0.6,6.3,24.6,0.428
2024-08-07,2024-08-07,22.1,95.0,0.1,4.6,25.0,0.411
2024-08-08,2024-08-08,21.7,96.0,0.0,8.2,24.7,0.42
2024-08-09,2024-08-09,21.1,98.0,0.0,7.2,24.3,0.41
2024-08-10,2024-08-10,21.5,96.0,0.0,5.1,25.1,0.395
2024-08-11,2024-08-11,22.4,95.0,0.5,8.8,25.5,0.378
2024-08-12,2024-08-12,22.3,96.0,0.0,6.1,24.9,0.396
2024-08-13,2024-08-13,22.0,94.0,0.0,3.3,25.0,0.397
2024-08-14,2024-08-14,22.9,96.0,0.1,3.8,25.8,0.379
2024-08-15,2024-08-15,22.4,97.0,0.0,5.0,25.7,0.378
2024-08-16,2024-08-16,21.9,94.0,0.1,9.6,25.6,0.393
2024-08-17,2024-08-17,22.4,96.0,2.7,13.8,25.4,0.408
2024-08-18,2024-08-18,21.6,98.0,1.0,8.5,24.2,0.435
2024-08-19,2024-08-19,21.7,99.0,0.5,5.3,23.9,0.433
2024-08-20,2024-08-20,21.7,96.0,0.1,6.2,23.7,0.43
2024-08-21,2024-08-21,21.9,98.0,0.2,3.1,23.6,0.433
2024-08-22,2024-08-22,21.7,98.0,0.0,1.8,24.3,0.423
2024-08-23,2024-08-23,21.8,96.0,0.0,3.8,24.5,0.424
2024-08-24,2024-08-24,21.1,97.0,0.6,4.5,24.4,0.436
2024-08-25,2024-08-25,21.3,95.0,0.0,9.8,23.9,0.414
2024-08-26,2024-08-26,21.3,96.0,0.4,9.6,24.1,0.412
2024-08-27,2024-08-27,20.9,91.0,0.0,3.8,24.1,0.413
2024-08-28,2024-08-28,21.9,96.0,0.5,0.5,24.9,0.392
2024-08-29,2024-08-29,21.8,96.0,0.0,1.5,25.0,0.38
2024-08-30,2024-08-30,21.7,96.0,0.0,6.8,25.1,0.381
2024-08-31,2024-08-31,22.5,89.0,0.0,7.2,25.6,0.368
2024-09-01,2024-09-01,22.3,96.0,0.0,2.9,25.0,0.391
2024-09-02,2024-09-02,22.4,95.0,0.0,3.4,25.2,0.389
2024-09-03,2024-09-03,21.2,97.0,0.0,4.0,24.9,0.384
2024-09-04,2024-09-04,22.2,97.0,0.0,8.7,25.3,0.373
2024-09-05,2024-09-05,22.3,93.0,0.0,4.1,25.3,0.383
2024-09-06,2024-09-06,22.3,96.0,0.0,1.5,25.1,0.401
2024-09-07,2024-09-07,21.3,95.0,0.0,11.5,25.4,0.396
2024-09-08,2024-09-08,22.0,91.0,0.0,1.8,25.7,0.384
2024-09-09,2024-09-09,22.6,93.0,0.0,4.8,26.1,0.369
2024-09-10,2024-09-10,23.0,91.0,0.0,4.8,25.9,0.359
2024-09-11,2024-09-11,22.7,95.0,0.0,2.6,25.8,0.349
2024-09-12,2024-09-12,22.4,94.0,0.4,6.2,25.4,0.356
2024-09-13,2024-09-13,22.2,85.0,1.9,22.0,24.9,0.371
2024-09-14,2024-09-14,22.3,87.0,0.0,18.9,23.7,0.372
2024-09-15,2024-09-15,21.9,93.0,0.7,12.0,24.0,0.369
2024-09-16,2024-09-16,20.7,97.0,0.0,7.9,24.0,0.371
2024-09-17,2024-09-17,21.3,100.0,0.0,4.6,24.6,0.365
2024-09-18,2024-09-18,22.6,96.0,0.0,1.6,25.2,0.379
2024-09-19,2024-09-19,22.1,94.0,0.0,0.4,25.5,0.374
2024-09-20,2024-09-20,22.3,96.0,0.0,1.5,25.8,0.363
2024-09-21,2024-09-21,23.6,90.0,0.0,8.4,26.3,0.348
2024-09-22,2024-09-22,22.9,90.0,0.0,5.8,26.1,0.343
2024-09-23,2024-09-23,23.1,88.0,0.0,12.5,26.3,0.331
2024-09-24,2024-09-24,22.4,97.0,0.0,4.2,26.3,0.319
2024-09-25,2024-09-25,22.2,93.0,0.1,10.9,25.7,0.312
2024-09-26,2024-09-26,21.4,99.0,0.1,1.8,24.1,0.391
2024-09-27,2024-09-27,21.4,93.0,0.0,8.5,24.7,0.394
2024-09-28,2024-09-28,22.0,94.0,0.1,6.2,24.4,0.391
2024-09-29,2024-09-29,20.5,98.0,0.0,4.6,24.7,0.382
2024-09-30,2024-09-30,22.8,92.0,0.1,3.5,24.8,0.374
2024-10-01,2024-10-01,21.9,93.0,0.0,7.9,24.9,0.366
2024-10-02,2024-10-02,21.3,97.0,0.0,5.4,24.6,0.364
2024-10-03,2024-10-03,21.7,92.0,0.2,14.8,23.6,0.429
2024-10-04,2024-10-04,21.5,95.0,0.5,1.9,23.6,0.434
2024-10-05,2024-10-05,21.0,98.0,0.0,1.7,23.9,0.411
2024-10-06,2024-10-06,20.7,98.0,0.0,5.1,24.1,0.407
2024-10-07,2024-10-07,20.7,98.0,0.1,4.7,24.3,0.405
2024-10-08,2024-10-08,20.3,96.0,0.0,5.9,24.1,0.399
2024-10-09,2024-10-09,20.1,95.0,0.0,5.8,24.1,0.387
2024-10-10,2024-10-10,20.2,95.0,0.1,11.3,24.2,0.372
2024-10-11,2024-10-11,20.5,93.0,0.0,9.9,24.0,0.365
2024-10-12,2024-10-12,18.8,98.0,0.0,2.4,23.4,0.36
2024-10-13,2024-10-13,18.7,98.0,0.0,4.2,23.5,0.351
2024-10-14,2024-10-14,17.4,91.0,0.0,6.7,22.8,0.346
2024-10-15,2024-10-15,18.8,87.0,0.0,5.2,23.0,0.341
2024-10-16,2024-10-16,18.7,89.0,0.0,3.0,22.7,0.336
2024-10-17,2024-10-17,15.4,92.0,0.0,8.4,22.5,0.331
2024-10-18,2024-10-18,19.5,91.0,0.0,5.0,23.0,0.329
2024-10-19,2024-10-19,18.8,98.0,0.0,1.7,22.9,0.332
2024-10-20,2024-10-20,17.3,97.0,0.0,11.3,22.2,0.348
2024-10-21,2024-10-21,18.1,96.0,0.0,8.2,23.1,0.345
2024-10-22,2024-10-22,17.6,94.0,0.0,11.8,22.9,0.339
2024-10-23,2024-10-23,19.3,91.0,0.0,7.8,22.9,0.333
2024-10-24,2024-10-24,19.2,97.0,0.1,3.2,21.9,0.361
2024-10-25,2024-10-25,18.7,99.0,0.0,8.1,21.9,0.371
2024-10-26,2024-10-26,17.0,100.0,0.0,1.8,22.3,0.363
2024-10-27,2024-10-27,19.0,95.0,0.0,0.9,22.7,0.354
2024-10-28,2024-10-28,18.0,100.0,0.0,2.4,22.9,0.345
2024-10-29,2024-10-29,19.1,97.0,0.0,5.1,22.9,0.332
2024-10-30,2024-10-30,17.8,96.0,0.0,3.8,22.8,0.325
2024-10-31,2024-10-31,17.7,98.0,0.0,3.6,22.7,0.315
2024-11-01,2024-11-01,17.2,97.0,0.0,1.0,22.1,0.309
2024-11-02,2024-11-02,15.3,95.0,0.0,9.8,21.9,0.302
2024-11-03,2024-11-03,15.9,99.0,0.0,4.0,22.0,0.297
2024-11-04,2024-11-04,15.2,88.0,0.0,6.2,21.4,0.294
2024-11-05,2024-11-05,16.0,91.0,0.0,10.2,21.5,0.29
2024-11-06,2024-11-06,18.1,97.0,0.0,5.9,21.3,0.29
2024-11-07,2024-11-07,16.1,98.0,0.0,2.3,20.6,0.296
2024-11-08,2024-11-08,14.4,99.0,0.0,7.2,20.1,0.302
2024-11-09,2024-11-09,12.4,97.0,0.0,9.4,19.4,0.304
2024-11-10,2024-11-10,12.6,93.0,0.0,7.4,19.3,0.298
2024-11-11,2024-11-11,15.4,96.0,0.0,2.8,19.7,0.293
2024-11-12,2024-11-12,16.4,91.0,0.0,1.1,20.2,0.29
2024-11-13,2024-11-13,15.7,92.0,0.0,5.5,22.2,0.172
2024-11-14,2024-11-14,15.2,93.0,0.0,5.3,22.2,0.172
2024-11-15,2024-11-15,14.1,86.0,0.0,4.9,21.6,0.18
2024-11-16,2024-11-16,14.1,84.0,0.0,6.1,21.1,0.195
2024-11-17,2024-11-17,14.4,86.0,0.0,5.6,20.9,0.197
2024-11-18,2024-11-18,13.1,86.0,0.0,8.8,20.6,0.196
2024-11-19,2024-11-19,11.9,84.0,0.0,5.4,19.7,0.202
2024-11-20,2024-11-20,13.9,88.0,0.0,11.4,20.0,0.207
2024-11-21,2024-11-21,13.7,96.0,0.0,10.6,20.1,0.2
2024-11-22,2024-11-22,13.3,96.0,0.0,10.5,19.8,0.191
2024-11-23,2024-11-23,13.1,95.0,0.0,3.3,19.1,0.189
2024-11-24,2024-11-24,12.2,91.0,0.0,7.8,19.5,0.184
2024-11-25,2024-11-25,12.5,98.0,0.0,2.4,19.5,0.182
2024-11-26,2024-11-26,11.8,90.0,0.0,5.5,19.3,0.178
2024-11-27,2024-11-27,11.6,87.0,0.0,7.2,18.8,0.185
2024-11-28,2024-11-28,11.9,85.0,0.0,7.3,18.7,0.183
2024-11-29,2024-11-29,14.1,96.0,0.0,11.3,19.3,0.181
2024-11-30,2024-11-30,13.7,93.0,0.0,5.1,19.9,0.182
2024-12-01,2024-12-01,15.6,81.0,0.0,9.2,20.0,0.177
2024-12-02,2024-12-02,16.0,97.0,0.1,5.0,20.5,0.175
2024-12-03,2024-12-03,14.8,88.0,0.0,9.2,20.4,0.17
2024-12-04,2024-12-04,15.0,91.0,0.0,10.0,20.4,0.171
2024-12-05,2024-12-05,11.4,90.0,0.0,1.6,19.5,0.175
2024-12-06,2024-12-06,10.8,93.0,0.0,2.0,18.6,0.178
2024-12-07,2024-12-07,9.8,92.0,0.0,6.9,18.0,0.177
2024-12-08,2024-12-08,10.0,89.0,0.0,7.8,17.5,0.182
2024-12-09,2024-12-09,10.7,89.0,0.0,4.3,17.3,0.189
2024-12-10,2024-12-10,13.2,88.0,0.0,4.9,18.4,0.19
2024-12-11,2024-12-11,10.1,89.0,0.0,2.9,17.6,0.197
2024-12-12,2024-12-12,9.9,84.0,0.0,5.0,17.1,0.201
2024-12-13,2024-12-13,10.0,85.0,0.0,5.0,16.8,0.192
2024-12-14,2024-12-14,9.8,87.0,0.0,4.0,16.7,0.191
2024-12-15,2024-12-15,8.3,74.0,0.0,9.8,16.5,0.183
2024-12-16,2024-12-16,8.5,61.0,0.0,6.6,15.9,0.199
2024-12-17,2024-12-17,9.6,76.0,0.0,2.3,15.5,0.218
2024-12-18,2024-12-18,14.5,96.0,0.7,3.6,16.8,0.232
2024-12-19,2024-12-19,13.9,98.0,0.0,6.6,17.8,0.221
2024-12-20,2024-12-20,11.1,88.0,0.0,5.3,17.5,0.224
2024-12-21,2024-12-21,12.6,85.0,0.0,6.1,17.5,0.22
2024-12-22,2024-12-22,11.0,98.0,0.0,1.0,16.1,0.21
2024-12-23,2024-12-23,8.5,78.0,0.0,8.0,15.8,0.204
2024-12-24,2024-12-24,9.4,85.0,0.0,6.3,15.8,0.213
2024-12-25,2024-12-25,10.5,84.0,0.0,2.7,16.2,0.213
2024-12-26,2024-12-26,10.3,93.0,0.0,3.1,16.4,0.214
2024-12-27,2024-12-27,10.1,82.0,0.0,5.1,16.4,0.218
2024-12-28,2024-12-28,10.0,84.0,0.0,7.5,16.2,0.219
2024-12-29,2024-12-29,10.8,86.0,0.0,6.5,16.5,0.208
2024-12-30,2024-12-30,13.3,96.0,0.0,8.0,17.0,0.203
2024-12-31,2024-12-31,9.9,89.0,0.0,3.1,16.8,0.184
2025-01-01,2025-01-01,9.6,80.0,0.0,4.3,16.4,0.185
2025-01-02,2025-01-02,9.7,80.0,0.0,6.7,16.3,0.18
2025-01-03,2025-01-03,9.7,81.0,0.0,7.2,16.5,0.171
2025-01-04,2025-01-04,9.7,84.0,0.0,4.3,16.9,0.159
2025-01-05,2025-01-05,9.9,82.0,0.0,7.1,17.0,0.149
2025-01-06,2025-01-06,10.3,83.0,0.0,2.5,17.3,0.151
2025-01-07,2025-01-07,10.8,85.0,0.0,0.7,17.6,0.151
2025-01-08,2025-01-08,10.6,94.0,0.0,3.9,17.8,0.149
2025-01-09,2025-01-09,8.6,82.0,0.0,6.2,16.3,0.149
2025-01-10,2025-01-10,9.6,85.0,0.0,4.6,16.3,0.149
2025-01-11,2025-01-11,9.0,83.0,0.0,9.6,16.1,0.15
2025-01-12,2025-01-12,9.8,79.0,0.0,4.2,16.1,0.15
2025-01-13,2025-01-13,10.5,87.0,0.0,2.7,16.4,0.15
2025-01-14,2025-01-14,10.2,78.0,0.0,1.1,16.4,0.15
2025-01-15,2025-01-15,9.8,81.0,0.0,5.0,16.4,0.15
2025-01-16,2025-01-16,9.5,75.0,0.0,6.3,16.3,0.15
2025-01-17,2025-01-17,9.8,80.0,0.0,5.8,16.4,0.15
2025-01-18,2025-01-18,10.5,89.0,0.0,1.2,16.6,0.15
2025-01-19,2025-01-19,10.3,90.0,0.0,0.9,16.9,0.151
2025-01-20,2025-01-20,9.6,84.0,0.0,6.0,17.1,0.151
2025-01-21,2025-01-21,10.3,88.0,0.0,1.2,17.2,0.151
2025-01-22,2025-01-22,10.3,95.0,0.0,1.1,17.4,0.15
2025-01-23,2025-01-23,10.6,94.0,0.0,1.5,17.5,0.15
2025-01-24,2025-01-24,12.1,99.0,0.0,4.3,17.7,0.15
2025-01-25,2025-01-25,9.8,94.0,0.0,3.4,17.6,0.15
2025-01-26,2025-01-26,8.8,90.0,0.0,1.7,17.0,0.15
2025-01-27,2025-01-27,10.1,81.0,0.0,3.9,17.2,0.15
2025-01-28,2025-01-28,10.7,87.0,0.0,4.9,17.5,0.15
2025-01-29,2025-01-29,9.9,87.0,0.0,2.4,17.5,0.15
2025-01-30,2025-01-30,9.2,90.0,0.0,4.3,17.6,0.15
2025-01-31,2025-01-31,14.2,84.0,0.0,12.1,18.0,0.15
2025-02-01,2025-02-01,13.4,100.0,0.0,1.9,17.7,0.15
2025-02-02,2025-02-02,12.4,86.0,0.0,3.0,18.1,0.149
2025-02-03,2025-02-03,13.3,85.0,0.0,3.8,18.3,0.149
2025-02-04,2025-02-04,10.2,87.0,0.0,3.8,18.2,0.149
2025-02-05,2025-02-05,11.3,89.0,0.0,1.8,18.5,0.149
2025-02-06,2025-02-06,11.9,94.0,0.0,3.2,18.7,0.149
2025-02-07,2025-02-07,10.9,88.0,0.0,3.9,18.6,0.149
2025-02-08,2025-02-08,9.3,84.0,0.0,3.0,18.5,0.149
2025-02-09,2025-02-09,10.2,67.0,0.0,0.6,18.4,0.149
2025-02-10,2025-02-10,9.8,85.0,0.0,4.0,18.4,0.149
2025-02-11,2025-02-11,9.8,93.0,0.0,2.4,18.3,0.148
2025-02-12,2025-02-12,12.1,99.0,0.0,1.8,19.0,0.148
2025-02-13,2025-02-13,12.3,87.0,0.0,5.4,19.0,0.148
2025-02-14,2025-02-14,13.4,96.0,0.0,6.0,19.0,0.148
2025-02-15,2025-02-15,10.2,90.0,0.0,3.5,18.7,0.148
2025-02-16,2025-02-16,10.5,64.0,0.0,1.1,18.6,0.148
2025-02-17,2025-02-17,10.4,79.0,0.0,7.8,18.3,0.148
2025-02-18,2025-02-18,12.2,82.0,0.0,4.4,18.8,0.148
2025-02-19,2025-02-19,12.6,86.0,0.0,3.2,19.3,0.148
2025-02-20,2025-02-20,10.9,85.0,0.0,3.5,19.4,0.147
2025-02-21,2025-02-21,11.6,61.0,0.0,7.2,19.6,0.147
2025-02-22,2025-02-22,13.0,77.0,0.0,1.9,19.8,0.147
2025-02-23,2025-02-23,12.5,82.0,0.0,8.4,20.0,0.147
2025-02-24,2025-02-24,12.7,99.0,0.0,5.6,19.6,0.147
2025-02-25,2025-02-25,,,,,,
